complaint_id,precinct,borough,offense_level,offense_type,occurred_at,hour,is_night,population,source
MOCK-000001,5,MANHATTAN,FELONY,GRAND LARCENY,2025-07-03T05:59:50,5,1,60000,MOCK_NYPD_V1
MOCK-000002,5,MANHATTAN,FELONY,ROBBERY,2025-07-07T20:51:23,20,1,60000,MOCK_NYPD_V1
MOCK-000003,5,MANHATTAN,MISDEMEANOR,CRIMINAL MISCHIEF,2025-07-08T17:40:32,17,0,60000,MOCK_NYPD_V1
MOCK-000004,5,MANHATTAN,MISDEMEANOR,HARRASSMENT 2,2025-07-10T03:05:22,3,1,60000,MOCK_NYPD_V1
MOCK-000005,5,MANHATTAN,FELONY,GRAND LARCENY,2025-07-17T16:07:59,16,0,60000,MOCK_NYPD_V1
MOCK-000006,5,MANHATTAN,MISDEMEANOR,CRIMINAL MISCHIEF,2025-07-19T11:22:53,11,0,60000,MOCK_NYPD_V1
MOCK-000007,5,MANHATTAN,MISDEMEANOR,PETIT LARCENY,2025-07-22T17:05:48,17,0,60000,MOCK_NYPD_V1
MOCK-000008,5,MANHATTAN,MISDEMEANOR,PETIT LARCENY,2025-07-23T09:36:03,9,0,60000,MOCK_NYPD_V1
MOCK-000009,5,MANHATTAN,MISDEMEANOR,PETIT LARCENY,2025-07-26T19:16:10,19,0,60000,MOCK_NYPD_V1
MOCK-000010,5,MANHATTAN,MISDEMEANOR,CRIMINAL MISCHIEF,2025-07-27T04:01:08,4,1,60000,MOCK_NYPD_V1
MOCK-000011,5,MANHATTAN,MISDEMEANOR,HARRASSMENT 2,2025-08-03T06:02:38,6,0,60000,MOCK_NYPD_V1
MOCK-000012,5,MANHATTAN,FELONY,ROBBERY,2025-08-05T12:18:04,12,0,60000,MOCK_NYPD_V1
MOCK-000013,5,MANHATTAN,FELONY,BURGLARY,2025-08-07T06:42:16,6,0,60000,MOCK_NYPD_V1
MOCK-000014,5,MANHATTAN,MISDEMEANOR,PETIT LARCENY,2025-08-10T12:33:01,12,0,60000,MOCK_NYPD_V1
MOCK-000015,5,MANHATTAN,FELONY,BURGLARY,2025-08-11T06:03:49,6,0,60000,MOCK_NYPD_V1
MOCK-000016,5,MANHATTAN,FELONY,GRAND LARCENY,2025-08-13T02:08:56,2,1,60000,MOCK_NYPD_V1
MOCK-000017,5,MANHATTAN,MISDEMEANOR,PETIT LARCENY,2025-08-15T11:19:31,11,0,60000,MOCK_NYPD_V1
MOCK-000018,5,MANHATTAN,FELONY,FELONY ASSAULT,2025-08-15T13:00:13,13,0,60000,MOCK_NYPD_V1
MOCK-000019,5,MANHATTAN,MISDEMEANOR,MISDEMEANOR ASSAULT,2025-08-19T05:22:31,5,1,60000,MOCK_NYPD_V1
MOCK-000020,5,MANHATTAN,FELONY,ROBBERY,2025-08-20T16:19:11,16,0,60000,MOCK_NYPD_V1
MOCK-000021,5,MANHATTAN,MISDEMEANOR,CRIMINAL MISCHIEF,2025-08-24T04:05:58,4,1,60000,MOCK_NYPD_V1
MOCK-000022,5,MANHATTAN,MISDEMEANOR,HARRASSMENT 2,2025-08-27T18:53:25,18,0,60000,MOCK_NYPD_V1
MOCK-000023,5,MANHATTAN,MISDEMEANOR,CRIMINAL MISCHIEF,2025-08-31T06:25:17,6,0,60000,MOCK_NYPD_V1
MOCK-000024,5,MANHATTAN,MISDEMEANOR,CRIMINAL MISCHIEF,2025-09-01T03:36:35,3,1,60000,MOCK_NYPD_V1
MOCK-000025,5,MANHATTAN,FELONY,GRAND LARCENY,2025-09-01T08:59:08,8,0,60000,MOCK_NYPD_V1
MOCK-000026,5,MANHATTAN,FELONY,BURGLARY,2025-09-02T09:30:25,9,0,60000,MOCK_NYPD_V1
MOCK-000027,5,MANHATTAN,MISDEMEANOR,MISDEMEANOR ASSAULT,2025-09-05T03:29:17,3,1,60000,MOCK_NYPD_V1
MOCK-000028,5,MANHATTAN,MISDEMEANOR,CRIMINAL MISCHIEF,2025-09-06T09:57:24,9,0,60000,MOCK_NYPD_V1
MOCK-000029,5,MANHATTAN,FELONY,BURGLARY,2025-09-06T17:50:54,17,0,60000,MOCK_NYPD_V1
MOCK-000030,5,MANHATTAN,MISDEMEANOR,CRIMINAL MISCHIEF,2025-09-08T12:07:08,12,0,60000,MOCK_NYPD_V1
MOCK-000031,5,MANHATTAN,MISDEMEANOR,PETIT LARCENY,2025-09-09T22:01:15,22,1,60000,MOCK_NYPD_V1
MOCK-000032,5,MANHATTAN,MISDEMEANOR,PETIT LARCENY,2025-09-10T05:08:52,5,1,60000,MOCK_NYPD_V1
MOCK-000033,5,MANHATTAN,FELONY,GRAND LARCENY,2025-09-10T15:00:58,15,0,60000,MOCK_NYPD_V1
MOCK-000034,5,MANHATTAN,MISDEMEANOR,HARRASSMENT 2,2025-09-12T18:05:45,18,0,60000,MOCK_NYPD_V1
MOCK-000035,5,MANHATTAN,MISDEMEANOR,PETIT LARCENY,2025-09-14T07:02:18,7,0,60000,MOCK_NYPD_V1
MOCK-000036,5,MANHATTAN,FELONY,ROBBERY,2025-09-16T23:17:57,23,1,60000,MOCK_NYPD_V1
MOCK-000037,5,MANHATTAN,FELONY,FELONY ASSAULT,2025-09-18T14:03:56,14,0,60000,MOCK_NYPD_V1
MOCK-000038,5,MANHATTAN,MISDEMEANOR,CRIMINAL MISCHIEF,2025-09-24T18:13:59,18,0,60000,MOCK_NYPD_V1
MOCK-000039,5,MANHATTAN,FELONY,GRAND LARCENY,2025-09-27T16:01:51,16,0,60000,MOCK_NYPD_V1
MOCK-000040,5,MANHATTAN,FELONY,FELONY ASSAULT,2025-09-30T18:41:55,18,0,60000,MOCK_NYPD_V1
MOCK-000041,5,MANHATTAN,MISDEMEANOR,HARRASSMENT 2,2025-10-02T19:19:30,19,0,60000,MOCK_NYPD_V1
MOCK-000042,5,MANHATTAN,MISDEMEANOR,PETIT LARCENY,2025-10-05T13:44:20,13,0,60000,MOCK_NYPD_V1
MOCK-000043,5,MANHATTAN,MISDEMEANOR,PETIT LARCENY,2025-10-09T22:59:26,22,1,60000,MOCK_NYPD_V1
MOCK-000044,5,MANHATTAN,FELONY,FELONY ASSAULT,2025-10-10T11:23:51,11,0,60000,MOCK_NYPD_V1
MOCK-000045,5,MANHATTAN,MISDEMEANOR,PETIT LARCENY,2025-10-11T14:03:35,14,0,60000,MOCK_NYPD_V1
MOCK-000046,5,MANHATTAN,FELONY,BURGLARY,2025-10-12T03:18:32,3,1,60000,MOCK_NYPD_V1
MOCK-000047,5,MANHATTAN,MISDEMEANOR,CRIMINAL MISCHIEF,2025-10-12T15:04:53,15,0,60000,MOCK_NYPD_V1
MOCK-000048,5,MANHATTAN,MISDEMEANOR,HARRASSMENT 2,2025-10-15T08:28:27,8,0,60000,MOCK_NYPD_V1
MOCK-000049,5,MANHATTAN,MISDEMEANOR,CRIMINAL MISCHIEF,2025-10-20T17:11:25,17,0,60000,MOCK_NYPD_V1
MOCK-000050,5,MANHATTAN,MISDEMEANOR,MISDEMEANOR ASSAULT,2025-10-23T07:46:32,7,0,60000,MOCK_NYPD_V1
MOCK-000051,5,MANHATTAN,MISDEMEANOR,HARRASSMENT 2,2025-10-23T14:15:37,14,0,60000,MOCK_NYPD_V1
MOCK-000052,5,MANHATTAN,FELONY,FELONY ASSAULT,2025-10-26T23:28:56,23,1,60000,MOCK_NYPD_V1
MOCK-000053,5,MANHATTAN,MISDEMEANOR,MISDEMEANOR ASSAULT,2025-11-04T06:48:56,6,0,60000,MOCK_NYPD_V1
MOCK-000054,5,MANHATTAN,MISDEMEANOR,MISDEMEANOR ASSAULT,2025-11-04T15:08:00,15,0,60000,MOCK_NYPD_V1
MOCK-000055,5,MANHATTAN,MISDEMEANOR,PETIT LARCENY,2025-11-04T18:53:09,18,0,60000,MOCK_NYPD_V1
MOCK-000056,5,MANHATTAN,MISDEMEANOR,MISDEMEANOR ASSAULT,2025-11-07T19:55:32,19,0,60000,MOCK_NYPD_V1
MOCK-000057,5,MANHATTAN,FELONY,FELONY ASSAULT,2025-11-07T20:49:24,20,1,60000,MOCK_NYPD_V1
MOCK-000058,5,MANHATTAN,FELONY,ROBBERY,2025-11-12T19:57:49,19,0,60000,MOCK_NYPD_V1
MOCK-000059,5,MANHATTAN,MISDEMEANOR,HARRASSMENT 2,2025-11-14T02:07:48,2,1,60000,MOCK_NYPD_V1
MOCK-000060,5,MANHATTAN,MISDEMEANOR,CRIMINAL MISCHIEF,2025-11-14T10:07:32,10,0,60000,MOCK_NYPD_V1
MOCK-000061,5,MANHATTAN,MISDEMEANOR,PETIT LARCENY,2025-11-19T11:18:55,11,0,60000,MOCK_NYPD_V1
MOCK-000062,5,MANHATTAN,FELONY,FELONY ASSAULT,2025-11-19T15:21:47,15,0,60000,MOCK_NYPD_V1
MOCK-000063,5,MANHATTAN,FELONY,GRAND LARCENY,2025-11-23T07:56:53,7,0,60000,MOCK_NYPD_V1
MOCK-000064,5,MANHATTAN,MISDEMEANOR,HARRASSMENT 2,2025-11-24T16:32:11,16,0,60000,MOCK_NYPD_V1
MOCK-000065,5,MANHATTAN,FELONY,GRAND LARCENY,2025-11-25T17:47:15,17,0,60000,MOCK_NYPD_V1
MOCK-000066,5,MANHATTAN,FELONY,ROBBERY,2025-11-25T22:00:11,22,1,60000,MOCK_NYPD_V1
MOCK-000067,5,MANHATTAN,FELONY,GRAND LARCENY,2025-11-28T07:09:58,7,0,60000,MOCK_NYPD_V1
MOCK-000068,5,MANHATTAN,MISDEMEANOR,PETIT LARCENY,2025-11-29T06:55:25,6,0,60000,MOCK_NYPD_V1
MOCK-000069,5,MANHATTAN,FELONY,BURGLARY,2025-11-30T16:13:15,16,0,60000,MOCK_NYPD_V1
MOCK-000070,5,MANHATTAN,FELONY,BURGLARY,2025-12-08T13:15:58,13,0,60000,MOCK_NYPD_V1
MOCK-000071,5,MANHATTAN,FELONY,BURGLARY,2025-12-09T09:57:07,9,0,60000,MOCK_NYPD_V1
MOCK-000072,5,MANHATTAN,MISDEMEANOR,HARRASSMENT 2,2025-12-10T07:20:45,7,0,60000,MOCK_NYPD_V1
MOCK-000073,5,MANHATTAN,MISDEMEANOR,HARRASSMENT 2,2025-12-11T03:07:17,3,1,60000,MOCK_NYPD_V1
MOCK-000074,5,MANHATTAN,FELONY,BURGLARY,2025-12-12T20:24:25,20,1,60000,MOCK_NYPD_V1
MOCK-000075,5,MANHATTAN,MISDEMEANOR,CRIMINAL MISCHIEF,2025-12-13T14:05:29,14,0,60000,MOCK_NYPD_V1
MOCK-000076,5,MANHATTAN,MISDEMEANOR,MISDEMEANOR ASSAULT,2025-12-16T08:26:34,8,0,60000,MOCK_NYPD_V1
MOCK-000077,5,MANHATTAN,FELONY,GRAND LARCENY,2025-12-16T22:29:46,22,1,60000,MOCK_NYPD_V1
MOCK-000078,5,MANHATTAN,MISDEMEANOR,MISDEMEANOR ASSAULT,2025-12-18T19:56:28,19,0,60000,MOCK_NYPD_V1
MOCK-000079,5,MANHATTAN,FELONY,ROBBERY,2025-12-20T06:34:14,6,0,60000,MOCK_NYPD_V1
MOCK-000080,5,MANHATTAN,MISDEMEANOR,HARRASSMENT 2,2025-12-22T18:28:26,18,0,60000,MOCK_NYPD_V1
MOCK-000081,5,MANHATTAN,MISDEMEANOR,CRIMINAL MISCHIEF,2026-01-02T00:48:47,0,1,60000,MOCK_NYPD_V1
MOCK-000082,5,MANHATTAN,MISDEMEANOR,CRIMINAL MISCHIEF,2026-01-02T19:35:31,19,0,60000,MOCK_NYPD_V1
MOCK-000083,5,MANHATTAN,MISDEMEANOR,HARRASSMENT 2,2026-01-03T20:37:12,20,1,60000,MOCK_NYPD_V1
MOCK-000084,5,MANHATTAN,MISDEMEANOR,HARRASSMENT 2,2026-01-04T16:36:31,16,0,60000,MOCK_NYPD_V1
MOCK-000085,5,MANHATTAN,MISDEMEANOR,PETIT LARCENY,2026-01-06T16:22:05,16,0,60000,MOCK_NYPD_V1
MOCK-000086,5,MANHATTAN,MISDEMEANOR,HARRASSMENT 2,2026-01-07T20:27:37,20,1,60000,MOCK_NYPD_V1
MOCK-000087,5,MANHATTAN,FELONY,FELONY ASSAULT,2026-01-11T19:48:52,19,0,60000,MOCK_NYPD_V1
MOCK-000088,5,MANHATTAN,FELONY,BURGLARY,2026-01-16T17:58:11,17,0,60000,MOCK_NYPD_V1
MOCK-000089,5,MANHATTAN,MISDEMEANOR,CRIMINAL MISCHIEF,2026-01-26T00:59:12,0,1,60000,MOCK_NYPD_V1
MOCK-000090,5,MANHATTAN,FELONY,ROBBERY,2026-02-07T23:44:28,23,1,60000,MOCK_NYPD_V1
MOCK-000091,5,MANHATTAN,FELONY,FELONY ASSAULT,2026-02-09T00:04:30,0,1,60000,MOCK_NYPD_V1
MOCK-000092,5,MANHATTAN,MISDEMEANOR,CRIMINAL MISCHIEF,2026-02-13T23:59:40,23,1,60000,MOCK_NYPD_V1
MOCK-000093,5,MANHATTAN,FELONY,ROBBERY,2026-02-15T22:21:49,22,1,60000,MOCK_NYPD_V1
MOCK-000094,5,MANHATTAN,FELONY,FELONY ASSAULT,2026-02-16T01:43:32,1,1,60000,MOCK_NYPD_V1
MOCK-000095,5,MANHATTAN,FELONY,FELONY ASSAULT,2026-02-18T15:50:39,15,0,60000,MOCK_NYPD_V1
MOCK-000096,5,MANHATTAN,FELONY,ROBBERY,2026-02-23T17:32:03,17,0,60000,MOCK_NYPD_V1
MOCK-000097,5,MANHATTAN,MISDEMEANOR,CRIMINAL MISCHIEF,2026-03-02T23:35:11,23,1,60000,MOCK_NYPD_V1
MOCK-000098,5,MANHATTAN,FELONY,ROBBERY,2026-03-05T11:36:00,11,0,60000,MOCK_NYPD_V1
MOCK-000099,5,MANHATTAN,FELONY,GRAND LARCENY,2026-03-05T20:31:58,20,1,60000,MOCK_NYPD_V1
MOCK-000100,5,MANHATTAN,FELONY,GRAND LARCENY,2026-03-09T02:25:53,2,1,60000,MOCK_NYPD_V1
MOCK-000101,5,MANHATTAN,MISDEMEANOR,PETIT LARCENY,2026-03-09T06:48:34,6,0,60000,MOCK_NYPD_V1
MOCK-000102,5,MANHATTAN,MISDEMEANOR,MISDEMEANOR ASSAULT,2026-03-10T16:45:17,16,0,60000,MOCK_NYPD_V1
MOCK-000103,5,MANHATTAN,FELONY,BURGLARY,2026-03-15T02:13:35,2,1,60000,MOCK_NYPD_V1
MOCK-000104,5,MANHATTAN,MISDEMEANOR,CRIMINAL MISCHIEF,2026-03-18T06:10:38,6,0,60000,MOCK_NYPD_V1
MOCK-000105,5,MANHATTAN,MISDEMEANOR,MISDEMEANOR ASSAULT,2026-03-19T15:00:11,15,0,60000,MOCK_NYPD_V1
MOCK-000106,5,MANHATTAN,MISDEMEANOR,HARRASSMENT 2,2026-03-28T09:37:00,9,0,60000,MOCK_NYPD_V1
MOCK-000107,5,MANHATTAN,FELONY,ROBBERY,2026-03-29T12:41:16,12,0,60000,MOCK_NYPD_V1
MOCK-000108,5,MANHATTAN,MISDEMEANOR,CRIMINAL MISCHIEF,2026-03-30T08:58:03,8,0,60000,MOCK_NYPD_V1
MOCK-000109,5,MANHATTAN,FELONY,BURGLARY,2026-04-10T03:10:44,3,1,60000,MOCK_NYPD_V1
MOCK-000110,5,MANHATTAN,MISDEMEANOR,CRIMINAL MISCHIEF,2026-04-14T05:26:16,5,1,60000,MOCK_NYPD_V1
MOCK-000111,5,MANHATTAN,MISDEMEANOR,MISDEMEANOR ASSAULT,2026-04-16T18:09:34,18,0,60000,MOCK_NYPD_V1
MOCK-000112,5,MANHATTAN,FELONY,FELONY ASSAULT,2026-04-18T12:59:42,12,0,60000,MOCK_NYPD_V1
MOCK-000113,5,MANHATTAN,MISDEMEANOR,HARRASSMENT 2,2026-04-22T22:53:16,22,1,60000,MOCK_NYPD_V1
MOCK-000114,5,MANHATTAN,MISDEMEANOR,HARRASSMENT 2,2026-04-29T05:00:34,5,1,60000,MOCK_NYPD_V1
MOCK-000115,5,MANHATTAN,FELONY,GRAND LARCENY,2026-05-01T02:54:03,2,1,60000,MOCK_NYPD_V1
MOCK-000116,5,MANHATTAN,FELONY,FELONY ASSAULT,2026-05-07T01:30:45,1,1,60000,MOCK_NYPD_V1
MOCK-000117,5,MANHATTAN,FELONY,GRAND LARCENY,2026-05-12T17:09:45,17,0,60000,MOCK_NYPD_V1
MOCK-000118,5,MANHATTAN,MISDEMEANOR,CRIMINAL MISCHIEF,2026-05-14T17:51:04,17,0,60000,MOCK_NYPD_V1
MOCK-000119,5,MANHATTAN,FELONY,BURGLARY,2026-05-18T04:27:25,4,1,60000,MOCK_NYPD_V1
MOCK-000120,5,MANHATTAN,MISDEMEANOR,PETIT LARCENY,2026-05-19T12:09:56,12,0,60000,MOCK_NYPD_V1
MOCK-000121,5,MANHATTAN,FELONY,BURGLARY,2026-05-21T07:11:12,7,0,60000,MOCK_NYPD_V1
MOCK-000122,5,MANHATTAN,FELONY,ROBBERY,2026-05-26T07:32:30,7,0,60000,MOCK_NYPD_V1
MOCK-000123,5,MANHATTAN,FELONY,GRAND LARCENY,2026-05-28T19:39:07,19,0,60000,MOCK_NYPD_V1
MOCK-000124,5,MANHATTAN,MISDEMEANOR,HARRASSMENT 2,2026-05-28T23:33:57,23,1,60000,MOCK_NYPD_V1
MOCK-000125,5,MANHATTAN,FELONY,BURGLARY,2026-05-29T06:43:35,6,0,60000,MOCK_NYPD_V1
MOCK-000126,5,MANHATTAN,MISDEMEANOR,CRIMINAL MISCHIEF,2026-05-30T21:32:56,21,1,60000,MOCK_NYPD_V1
MOCK-000127,5,MANHATTAN,MISDEMEANOR,CRIMINAL MISCHIEF,2026-06-06T11:22:10,11,0,60000,MOCK_NYPD_V1
MOCK-000128,5,MANHATTAN,FELONY,ROBBERY,2026-06-06T20:31:00,20,1,60000,MOCK_NYPD_V1
MOCK-000129,5,MANHATTAN,FELONY,FELONY ASSAULT,2026-06-10T07:56:15,7,0,60000,MOCK_NYPD_V1
MOCK-000130,5,MANHATTAN,FELONY,ROBBERY,2026-06-10T09:31:35,9,0,60000,MOCK_NYPD_V1
MOCK-000131,5,MANHATTAN,MISDEMEANOR,CRIMINAL MISCHIEF,2026-06-11T11:47:30,11,0,60000,MOCK_NYPD_V1
MOCK-000132,5,MANHATTAN,FELONY,BURGLARY,2026-06-13T10:45:39,10,0,60000,MOCK_NYPD_V1
MOCK-000133,5,MANHATTAN,MISDEMEANOR,HARRASSMENT 2,2026-06-24T23:01:17,23,1,60000,MOCK_NYPD_V1
MOCK-000134,5,MANHATTAN,MISDEMEANOR,CRIMINAL MISCHIEF,2026-06-25T03:27:31,3,1,60000,MOCK_NYPD_V1
MOCK-000135,5,MANHATTAN,MISDEMEANOR,PETIT LARCENY,2026-06-25T07:01:38,7,0,60000,MOCK_NYPD_V1
MOCK-000136,5,MANHATTAN,MISDEMEANOR,CRIMINAL MISCHIEF,2026-06-27T02:38:16,2,1,60000,MOCK_NYPD_V1
MOCK-000137,5,MANHATTAN,MISDEMEANOR,PETIT LARCENY,2026-06-28T17:24:25,17,0,60000,MOCK_NYPD_V1
MOCK-000138,5,MANHATTAN,FELONY,GRAND LARCENY,2026-06-29T08:20:30,8,0,60000,MOCK_NYPD_V1
MOCK-000139,14,MANHATTAN,FELONY,FELONY ASSAULT,2025-07-08T06:09:26,6,0,60000,MOCK_NYPD_V1
MOCK-000140,14,MANHATTAN,MISDEMEANOR,CRIMINAL MISCHIEF,2025-07-17T06:05:33,6,0,60000,MOCK_NYPD_V1
MOCK-000141,14,MANHATTAN,MISDEMEANOR,PETIT LARCENY,2025-07-24T04:22:30,4,1,60000,MOCK_NYPD_V1
MOCK-000142,14,MANHATTAN,MISDEMEANOR,MISDEMEANOR ASSAULT,2025-07-27T03:49:38,3,1,60000,MOCK_NYPD_V1
MOCK-000143,14,MANHATTAN,MISDEMEANOR,CRIMINAL MISCHIEF,2025-07-28T03:45:26,3,1,60000,MOCK_NYPD_V1
MOCK-000144,14,MANHATTAN,MISDEMEANOR,CRIMINAL MISCHIEF,2025-07-30T04:25:54,4,1,60000,MOCK_NYPD_V1
MOCK-000145,14,MANHATTAN,MISDEMEANOR,HARRASSMENT 2,2025-08-03T17:13:53,17,0,60000,MOCK_NYPD_V1
MOCK-000146,14,MANHATTAN,MISDEMEANOR,CRIMINAL MISCHIEF,2025-08-07T12:57:47,12,0,60000,MOCK_NYPD_V1
MOCK-000147,14,MANHATTAN,MISDEMEANOR,HARRASSMENT 2,2025-08-17T22:37:57,22,1,60000,MOCK_NYPD_V1
MOCK-000148,14,MANHATTAN,MISDEMEANOR,HARRASSMENT 2,2025-08-18T23:12:32,23,1,60000,MOCK_NYPD_V1
MOCK-000149,14,MANHATTAN,MISDEMEANOR,CRIMINAL MISCHIEF,2025-08-23T17:16:40,17,0,60000,MOCK_NYPD_V1
MOCK-000150,14,MANHATTAN,MISDEMEANOR,CRIMINAL MISCHIEF,2025-08-26T04:08:51,4,1,60000,MOCK_NYPD_V1
MOCK-000151,14,MANHATTAN,MISDEMEANOR,MISDEMEANOR ASSAULT,2025-08-29T21:11:00,21,1,60000,MOCK_NYPD_V1
MOCK-000152,14,MANHATTAN,MISDEMEANOR,HARRASSMENT 2,2025-08-31T19:26:01,19,0,60000,MOCK_NYPD_V1
MOCK-000153,14,MANHATTAN,FELONY,ROBBERY,2025-09-02T21:25:14,21,1,60000,MOCK_NYPD_V1
MOCK-000154,14,MANHATTAN,MISDEMEANOR,CRIMINAL MISCHIEF,2025-09-03T02:15:27,2,1,60000,MOCK_NYPD_V1
MOCK-000155,14,MANHATTAN,MISDEMEANOR,CRIMINAL MISCHIEF,2025-09-05T16:27:29,16,0,60000,MOCK_NYPD_V1
MOCK-000156,14,MANHATTAN,MISDEMEANOR,PETIT LARCENY,2025-09-08T17:31:03,17,0,60000,MOCK_NYPD_V1
MOCK-000157,14,MANHATTAN,FELONY,ROBBERY,2025-09-11T18:55:50,18,0,60000,MOCK_NYPD_V1
MOCK-000158,14,MANHATTAN,FELONY,FELONY ASSAULT,2025-09-12T23:43:29,23,1,60000,MOCK_NYPD_V1
MOCK-000159,14,MANHATTAN,MISDEMEANOR,CRIMINAL MISCHIEF,2025-09-13T08:44:30,8,0,60000,MOCK_NYPD_V1
MOCK-000160,14,MANHATTAN,MISDEMEANOR,CRIMINAL MISCHIEF,2025-09-19T01:18:46,1,1,60000,MOCK_NYPD_V1
MOCK-000161,14,MANHATTAN,FELONY,FELONY ASSAULT,2025-09-22T02:13:54,2,1,60000,MOCK_NYPD_V1
MOCK-000162,14,MANHATTAN,MISDEMEANOR,CRIMINAL MISCHIEF,2025-10-05T15:19:28,15,0,60000,MOCK_NYPD_V1
MOCK-000163,14,MANHATTAN,MISDEMEANOR,CRIMINAL MISCHIEF,2025-10-07T00:08:18,0,1,60000,MOCK_NYPD_V1
MOCK-000164,14,MANHATTAN,MISDEMEANOR,HARRASSMENT 2,2025-10-21T08:51:05,8,0,60000,MOCK_NYPD_V1
MOCK-000165,14,MANHATTAN,FELONY,FELONY ASSAULT,2025-10-22T21:32:40,21,1,60000,MOCK_NYPD_V1
MOCK-000166,14,MANHATTAN,MISDEMEANOR,CRIMINAL MISCHIEF,2025-10-23T15:12:53,15,0,60000,MOCK_NYPD_V1
MOCK-000167,14,MANHATTAN,MISDEMEANOR,HARRASSMENT 2,2025-10-25T03:27:48,3,1,60000,MOCK_NYPD_V1
MOCK-000168,14,MANHATTAN,FELONY,FELONY ASSAULT,2025-10-29T23:45:45,23,1,60000,MOCK_NYPD_V1
MOCK-000169,14,MANHATTAN,FELONY,ROBBERY,2025-11-01T04:33:08,4,1,60000,MOCK_NYPD_V1
MOCK-000170,14,MANHATTAN,MISDEMEANOR,CRIMINAL MISCHIEF,2025-11-04T06:34:16,6,0,60000,MOCK_NYPD_V1
MOCK-000171,14,MANHATTAN,MISDEMEANOR,HARRASSMENT 2,2025-11-05T14:07:07,14,0,60000,MOCK_NYPD_V1
MOCK-000172,14,MANHATTAN,FELONY,ROBBERY,2025-11-06T05:40:22,5,1,60000,MOCK_NYPD_V1
MOCK-000173,14,MANHATTAN,FELONY,FELONY ASSAULT,2025-11-08T05:55:53,5,1,60000,MOCK_NYPD_V1
MOCK-000174,14,MANHATTAN,MISDEMEANOR,PETIT LARCENY,2025-11-16T04:30:59,4,1,60000,MOCK_NYPD_V1
MOCK-000175,14,MANHATTAN,FELONY,BURGLARY,2025-12-03T15:07:26,15,0,60000,MOCK_NYPD_V1
MOCK-000176,14,MANHATTAN,MISDEMEANOR,CRIMINAL MISCHIEF,2025-12-12T06:54:38,6,0,60000,MOCK_NYPD_V1
MOCK-000177,14,MANHATTAN,MISDEMEANOR,HARRASSMENT 2,2025-12-12T20:39:25,20,1,60000,MOCK_NYPD_V1
MOCK-000178,14,MANHATTAN,MISDEMEANOR,MISDEMEANOR ASSAULT,2025-12-20T20:55:33,20,1,60000,MOCK_NYPD_V1
MOCK-000179,14,MANHATTAN,MISDEMEANOR,PETIT LARCENY,2025-12-21T09:32:51,9,0,60000,MOCK_NYPD_V1
MOCK-000180,14,MANHATTAN,MISDEMEANOR,MISDEMEANOR ASSAULT,2025-12-25T04:28:17,4,1,60000,MOCK_NYPD_V1
MOCK-000181,14,MANHATTAN,MISDEMEANOR,PETIT LARCENY,2025-12-30T11:47:44,11,0,60000,MOCK_NYPD_V1
MOCK-000182,14,MANHATTAN,FELONY,GRAND LARCENY,2026-01-04T09:44:38,9,0,60000,MOCK_NYPD_V1
MOCK-000183,14,MANHATTAN,MISDEMEANOR,HARRASSMENT 2,2026-01-04T11:43:56,11,0,60000,MOCK_NYPD_V1
MOCK-000184,14,MANHATTAN,MISDEMEANOR,MISDEMEANOR ASSAULT,2026-01-07T02:48:04,2,1,60000,MOCK_NYPD_V1
MOCK-000185,14,MANHATTAN,MISDEMEANOR,PETIT LARCENY,2026-01-09T21:06:58,21,1,60000,MOCK_NYPD_V1
MOCK-000186,14,MANHATTAN,MISDEMEANOR,PETIT LARCENY,2026-01-11T18:44:16,18,0,60000,MOCK_NYPD_V1
MOCK-000187,14,MANHATTAN,FELONY,BURGLARY,2026-01-16T11:34:27,11,0,60000,MOCK_NYPD_V1
MOCK-000188,14,MANHATTAN,FELONY,BURGLARY,2026-01-21T21:18:06,21,1,60000,MOCK_NYPD_V1
MOCK-000189,14,MANHATTAN,FELONY,FELONY ASSAULT,2026-01-23T02:20:41,2,1,60000,MOCK_NYPD_V1
MOCK-000190,14,MANHATTAN,MISDEMEANOR,HARRASSMENT 2,2026-01-25T05:21:31,5,1,60000,MOCK_NYPD_V1
MOCK-000191,14,MANHATTAN,FELONY,BURGLARY,2026-01-26T12:05:24,12,0,60000,MOCK_NYPD_V1
MOCK-000192,14,MANHATTAN,MISDEMEANOR,MISDEMEANOR ASSAULT,2026-01-31T04:46:06,4,1,60000,MOCK_NYPD_V1
MOCK-000193,14,MANHATTAN,MISDEMEANOR,PETIT LARCENY,2026-01-31T19:41:18,19,0,60000,MOCK_NYPD_V1
MOCK-000194,14,MANHATTAN,MISDEMEANOR,MISDEMEANOR ASSAULT,2026-02-15T00:52:43,0,1,60000,MOCK_NYPD_V1
MOCK-000195,14,MANHATTAN,MISDEMEANOR,CRIMINAL MISCHIEF,2026-02-19T08:52:23,8,0,60000,MOCK_NYPD_V1
MOCK-000196,14,MANHATTAN,FELONY,ROBBERY,2026-02-20T09:27:33,9,0,60000,MOCK_NYPD_V1
MOCK-000197,14,MANHATTAN,MISDEMEANOR,HARRASSMENT 2,2026-02-28T22:22:19,22,1,60000,MOCK_NYPD_V1
MOCK-000198,14,MANHATTAN,MISDEMEANOR,PETIT LARCENY,2026-03-04T19:37:01,19,0,60000,MOCK_NYPD_V1
MOCK-000199,14,MANHATTAN,FELONY,GRAND LARCENY,2026-03-18T05:46:10,5,1,60000,MOCK_NYPD_V1
MOCK-000200,14,MANHATTAN,FELONY,FELONY ASSAULT,2026-03-19T02:04:07,2,1,60000,MOCK_NYPD_V1
MOCK-000201,14,MANHATTAN,FELONY,ROBBERY,2026-03-23T10:38:13,10,0,60000,MOCK_NYPD_V1
MOCK-000202,14,MANHATTAN,MISDEMEANOR,HARRASSMENT 2,2026-03-29T14:02:19,14,0,60000,MOCK_NYPD_V1
MOCK-000203,14,MANHATTAN,MISDEMEANOR,CRIMINAL MISCHIEF,2026-04-01T05:06:52,5,1,60000,MOCK_NYPD_V1
MOCK-000204,14,MANHATTAN,MISDEMEANOR,HARRASSMENT 2,2026-04-02T11:38:57,11,0,60000,MOCK_NYPD_V1
MOCK-000205,14,MANHATTAN,MISDEMEANOR,HARRASSMENT 2,2026-04-05T07:27:30,7,0,60000,MOCK_NYPD_V1
MOCK-000206,14,MANHATTAN,MISDEMEANOR,MISDEMEANOR ASSAULT,2026-04-09T04:11:51,4,1,60000,MOCK_NYPD_V1
MOCK-000207,14,MANHATTAN,FELONY,GRAND LARCENY,2026-04-13T20:03:27,20,1,60000,MOCK_NYPD_V1
MOCK-000208,14,MANHATTAN,MISDEMEANOR,PETIT LARCENY,2026-04-23T13:32:51,13,0,60000,MOCK_NYPD_V1
MOCK-000209,14,MANHATTAN,MISDEMEANOR,HARRASSMENT 2,2026-04-25T23:10:53,23,1,60000,MOCK_NYPD_V1
MOCK-000210,14,MANHATTAN,FELONY,BURGLARY,2026-04-30T11:13:19,11,0,60000,MOCK_NYPD_V1
MOCK-000211,14,MANHATTAN,MISDEMEANOR,PETIT LARCENY,2026-05-03T21:37:36,21,1,60000,MOCK_NYPD_V1
MOCK-000212,14,MANHATTAN,MISDEMEANOR,MISDEMEANOR ASSAULT,2026-05-05T23:11:43,23,1,60000,MOCK_NYPD_V1
MOCK-000213,14,MANHATTAN,MISDEMEANOR,HARRASSMENT 2,2026-05-07T05:09:27,5,1,60000,MOCK_NYPD_V1
MOCK-000214,14,MANHATTAN,FELONY,ROBBERY,2026-05-08T16:07:33,16,0,60000,MOCK_NYPD_V1
MOCK-000215,14,MANHATTAN,MISDEMEANOR,PETIT LARCENY,2026-05-08T16:38:34,16,0,60000,MOCK_NYPD_V1
MOCK-000216,14,MANHATTAN,MISDEMEANOR,MISDEMEANOR ASSAULT,2026-05-11T01:07:47,1,1,60000,MOCK_NYPD_V1
MOCK-000217,14,MANHATTAN,FELONY,FELONY ASSAULT,2026-05-13T15:56:20,15,0,60000,MOCK_NYPD_V1
MOCK-000218,14,MANHATTAN,FELONY,BURGLARY,2026-05-24T13:32:25,13,0,60000,MOCK_NYPD_V1
MOCK-000219,14,MANHATTAN,FELONY,BURGLARY,2026-05-26T09:57:22,9,0,60000,MOCK_NYPD_V1
MOCK-000220,14,MANHATTAN,MISDEMEANOR,PETIT LARCENY,2026-05-26T14:24:41,14,0,60000,MOCK_NYPD_V1
MOCK-000221,14,MANHATTAN,MISDEMEANOR,HARRASSMENT 2,2026-06-02T23:44:44,23,1,60000,MOCK_NYPD_V1
MOCK-000222,14,MANHATTAN,MISDEMEANOR,MISDEMEANOR ASSAULT,2026-06-11T08:19:13,8,0,60000,MOCK_NYPD_V1
MOCK-000223,14,MANHATTAN,FELONY,FELONY ASSAULT,2026-06-15T17:29:59,17,0,60000,MOCK_NYPD_V1
MOCK-000224,14,MANHATTAN,FELONY,GRAND LARCENY,2026-06-19T10:48:58,10,0,60000,MOCK_NYPD_V1
MOCK-000225,18,MANHATTAN,MISDEMEANOR,MISDEMEANOR ASSAULT,2025-07-02T19:03:32,19,0,60000,MOCK_NYPD_V1
MOCK-000226,18,MANHATTAN,FELONY,BURGLARY,2025-07-04T21:51:14,21,1,60000,MOCK_NYPD_V1
MOCK-000227,18,MANHATTAN,FELONY,GRAND LARCENY,2025-07-05T19:06:20,19,0,60000,MOCK_NYPD_V1
MOCK-000228,18,MANHATTAN,MISDEMEANOR,CRIMINAL MISCHIEF,2025-07-09T11:30:21,11,0,60000,MOCK_NYPD_V1
MOCK-000229,18,MANHATTAN,MISDEMEANOR,CRIMINAL MISCHIEF,2025-07-17T17:01:37,17,0,60000,MOCK_NYPD_V1
MOCK-000230,18,MANHATTAN,FELONY,ROBBERY,2025-07-26T05:43:31,5,1,60000,MOCK_NYPD_V1
MOCK-000231,18,MANHATTAN,FELONY,ROBBERY,2025-07-28T11:12:52,11,0,60000,MOCK_NYPD_V1
MOCK-000232,18,MANHATTAN,FELONY,BURGLARY,2025-07-31T21:55:32,21,1,60000,MOCK_NYPD_V1
MOCK-000233,18,MANHATTAN,MISDEMEANOR,MISDEMEANOR ASSAULT,2025-08-01T17:48:35,17,0,60000,MOCK_NYPD_V1
MOCK-000234,18,MANHATTAN,MISDEMEANOR,CRIMINAL MISCHIEF,2025-08-02T12:09:18,12,0,60000,MOCK_NYPD_V1
MOCK-000235,18,MANHATTAN,FELONY,BURGLARY,2025-08-05T23:16:08,23,1,60000,MOCK_NYPD_V1
MOCK-000236,18,MANHATTAN,MISDEMEANOR,MISDEMEANOR ASSAULT,2025-08-06T17:54:49,17,0,60000,MOCK_NYPD_V1
MOCK-000237,18,MANHATTAN,FELONY,ROBBERY,2025-08-08T03:48:11,3,1,60000,MOCK_NYPD_V1
MOCK-000238,18,MANHATTAN,FELONY,GRAND LARCENY,2025-08-13T04:04:51,4,1,60000,MOCK_NYPD_V1
MOCK-000239,18,MANHATTAN,FELONY,ROBBERY,2025-08-13T11:53:03,11,0,60000,MOCK_NYPD_V1
MOCK-000240,18,MANHATTAN,MISDEMEANOR,MISDEMEANOR ASSAULT,2025-08-19T03:01:29,3,1,60000,MOCK_NYPD_V1
MOCK-000241,18,MANHATTAN,MISDEMEANOR,CRIMINAL MISCHIEF,2025-08-21T12:44:27,12,0,60000,MOCK_NYPD_V1
MOCK-000242,18,MANHATTAN,MISDEMEANOR,PETIT LARCENY,2025-08-21T18:06:58,18,0,60000,MOCK_NYPD_V1
MOCK-000243,18,MANHATTAN,MISDEMEANOR,CRIMINAL MISCHIEF,2025-08-23T07:10:26,7,0,60000,MOCK_NYPD_V1
MOCK-000244,18,MANHATTAN,FELONY,BURGLARY,2025-08-30T14:29:47,14,0,60000,MOCK_NYPD_V1
MOCK-000245,18,MANHATTAN,MISDEMEANOR,MISDEMEANOR ASSAULT,2025-08-30T18:30:11,18,0,60000,MOCK_NYPD_V1
MOCK-000246,18,MANHATTAN,FELONY,FELONY ASSAULT,2025-09-16T12:43:18,12,0,60000,MOCK_NYPD_V1
MOCK-000247,18,MANHATTAN,MISDEMEANOR,CRIMINAL MISCHIEF,2025-09-21T18:44:40,18,0,60000,MOCK_NYPD_V1
MOCK-000248,18,MANHATTAN,FELONY,GRAND LARCENY,2025-09-30T20:02:09,20,1,60000,MOCK_NYPD_V1
MOCK-000249,18,MANHATTAN,MISDEMEANOR,PETIT LARCENY,2025-10-08T19:34:17,19,0,60000,MOCK_NYPD_V1
MOCK-000250,18,MANHATTAN,MISDEMEANOR,CRIMINAL MISCHIEF,2025-10-11T08:16:39,8,0,60000,MOCK_NYPD_V1
MOCK-000251,18,MANHATTAN,MISDEMEANOR,MISDEMEANOR ASSAULT,2025-10-16T09:03:42,9,0,60000,MOCK_NYPD_V1
MOCK-000252,18,MANHATTAN,FELONY,FELONY ASSAULT,2025-10-18T05:48:07,5,1,60000,MOCK_NYPD_V1
MOCK-000253,18,MANHATTAN,FELONY,GRAND LARCENY,2025-10-20T18:27:19,18,0,60000,MOCK_NYPD_V1
MOCK-000254,18,MANHATTAN,MISDEMEANOR,HARRASSMENT 2,2025-10-21T11:59:20,11,0,60000,MOCK_NYPD_V1
MOCK-000255,18,MANHATTAN,MISDEMEANOR,HARRASSMENT 2,2025-11-02T21:00:17,21,1,60000,MOCK_NYPD_V1
MOCK-000256,18,MANHATTAN,FELONY,BURGLARY,2025-11-04T03:24:44,3,1,60000,MOCK_NYPD_V1
MOCK-000257,18,MANHATTAN,MISDEMEANOR,MISDEMEANOR ASSAULT,2025-11-04T03:46:02,3,1,60000,MOCK_NYPD_V1
MOCK-000258,18,MANHATTAN,MISDEMEANOR,CRIMINAL MISCHIEF,2025-11-06T03:27:51,3,1,60000,MOCK_NYPD_V1
MOCK-000259,18,MANHATTAN,MISDEMEANOR,HARRASSMENT 2,2025-11-09T13:56:17,13,0,60000,MOCK_NYPD_V1
MOCK-000260,18,MANHATTAN,FELONY,GRAND LARCENY,2025-11-11T03:14:38,3,1,60000,MOCK_NYPD_V1
MOCK-000261,18,MANHATTAN,FELONY,BURGLARY,2025-11-15T14:12:39,14,0,60000,MOCK_NYPD_V1
MOCK-000262,18,MANHATTAN,MISDEMEANOR,CRIMINAL MISCHIEF,2025-11-16T17:24:36,17,0,60000,MOCK_NYPD_V1
MOCK-000263,18,MANHATTAN,FELONY,GRAND LARCENY,2025-11-17T20:47:09,20,1,60000,MOCK_NYPD_V1
MOCK-000264,18,MANHATTAN,MISDEMEANOR,PETIT LARCENY,2025-11-18T09:33:05,9,0,60000,MOCK_NYPD_V1
MOCK-000265,18,MANHATTAN,FELONY,GRAND LARCENY,2025-11-25T09:03:05,9,0,60000,MOCK_NYPD_V1
MOCK-000266,18,MANHATTAN,FELONY,ROBBERY,2025-12-03T14:36:51,14,0,60000,MOCK_NYPD_V1
MOCK-000267,18,MANHATTAN,MISDEMEANOR,HARRASSMENT 2,2025-12-09T05:26:44,5,1,60000,MOCK_NYPD_V1
MOCK-000268,18,MANHATTAN,FELONY,FELONY ASSAULT,2025-12-10T05:42:31,5,1,60000,MOCK_NYPD_V1
MOCK-000269,18,MANHATTAN,MISDEMEANOR,MISDEMEANOR ASSAULT,2025-12-12T03:10:28,3,1,60000,MOCK_NYPD_V1
MOCK-000270,18,MANHATTAN,MISDEMEANOR,MISDEMEANOR ASSAULT,2025-12-23T21:59:42,21,1,60000,MOCK_NYPD_V1
MOCK-000271,18,MANHATTAN,MISDEMEANOR,CRIMINAL MISCHIEF,2026-01-07T15:07:38,15,0,60000,MOCK_NYPD_V1
MOCK-000272,18,MANHATTAN,MISDEMEANOR,CRIMINAL MISCHIEF,2026-01-13T12:16:44,12,0,60000,MOCK_NYPD_V1
MOCK-000273,18,MANHATTAN,FELONY,FELONY ASSAULT,2026-01-15T17:38:53,17,0,60000,MOCK_NYPD_V1
MOCK-000274,18,MANHATTAN,FELONY,ROBBERY,2026-01-16T10:05:52,10,0,60000,MOCK_NYPD_V1
MOCK-000275,18,MANHATTAN,MISDEMEANOR,PETIT LARCENY,2026-01-18T22:42:31,22,1,60000,MOCK_NYPD_V1
MOCK-000276,18,MANHATTAN,MISDEMEANOR,MISDEMEANOR ASSAULT,2026-01-21T01:35:01,1,1,60000,MOCK_NYPD_V1
MOCK-000277,18,MANHATTAN,MISDEMEANOR,MISDEMEANOR ASSAULT,2026-01-27T22:55:31,22,1,60000,MOCK_NYPD_V1
MOCK-000278,18,MANHATTAN,MISDEMEANOR,PETIT LARCENY,2026-01-30T03:27:40,3,1,60000,MOCK_NYPD_V1
MOCK-000279,18,MANHATTAN,MISDEMEANOR,MISDEMEANOR ASSAULT,2026-02-04T03:59:22,3,1,60000,MOCK_NYPD_V1
MOCK-000280,18,MANHATTAN,FELONY,GRAND LARCENY,2026-02-04T06:07:23,6,0,60000,MOCK_NYPD_V1
MOCK-000281,18,MANHATTAN,MISDEMEANOR,CRIMINAL MISCHIEF,2026-02-15T18:22:57,18,0,60000,MOCK_NYPD_V1
MOCK-000282,18,MANHATTAN,FELONY,BURGLARY,2026-02-22T23:15:02,23,1,60000,MOCK_NYPD_V1
MOCK-000283,18,MANHATTAN,MISDEMEANOR,HARRASSMENT 2,2026-02-26T01:33:06,1,1,60000,MOCK_NYPD_V1
MOCK-000284,18,MANHATTAN,MISDEMEANOR,CRIMINAL MISCHIEF,2026-03-04T14:06:31,14,0,60000,MOCK_NYPD_V1
MOCK-000285,18,MANHATTAN,MISDEMEANOR,CRIMINAL MISCHIEF,2026-03-05T11:11:34,11,0,60000,MOCK_NYPD_V1
MOCK-000286,18,MANHATTAN,MISDEMEANOR,CRIMINAL MISCHIEF,2026-03-19T16:13:22,16,0,60000,MOCK_NYPD_V1
MOCK-000287,18,MANHATTAN,MISDEMEANOR,PETIT LARCENY,2026-03-20T11:55:53,11,0,60000,MOCK_NYPD_V1
MOCK-000288,18,MANHATTAN,MISDEMEANOR,HARRASSMENT 2,2026-03-21T06:33:13,6,0,60000,MOCK_NYPD_V1
MOCK-000289,18,MANHATTAN,MISDEMEANOR,MISDEMEANOR ASSAULT,2026-03-25T16:10:23,16,0,60000,MOCK_NYPD_V1
MOCK-000290,18,MANHATTAN,FELONY,ROBBERY,2026-03-29T08:16:54,8,0,60000,MOCK_NYPD_V1
MOCK-000291,18,MANHATTAN,MISDEMEANOR,MISDEMEANOR ASSAULT,2026-04-09T23:56:42,23,1,60000,MOCK_NYPD_V1
MOCK-000292,18,MANHATTAN,MISDEMEANOR,MISDEMEANOR ASSAULT,2026-04-18T07:51:27,7,0,60000,MOCK_NYPD_V1
MOCK-000293,18,MANHATTAN,FELONY,GRAND LARCENY,2026-04-19T10:46:12,10,0,60000,MOCK_NYPD_V1
MOCK-000294,18,MANHATTAN,MISDEMEANOR,MISDEMEANOR ASSAULT,2026-04-22T21:27:09,21,1,60000,MOCK_NYPD_V1
MOCK-000295,18,MANHATTAN,FELONY,ROBBERY,2026-04-22T21:29:28,21,1,60000,MOCK_NYPD_V1
MOCK-000296,18,MANHATTAN,FELONY,BURGLARY,2026-05-01T00:59:25,0,1,60000,MOCK_NYPD_V1
MOCK-000297,18,MANHATTAN,MISDEMEANOR,CRIMINAL MISCHIEF,2026-05-08T11:07:53,11,0,60000,MOCK_NYPD_V1
MOCK-000298,18,MANHATTAN,MISDEMEANOR,MISDEMEANOR ASSAULT,2026-05-10T08:59:31,8,0,60000,MOCK_NYPD_V1
MOCK-000299,18,MANHATTAN,MISDEMEANOR,CRIMINAL MISCHIEF,2026-05-10T16:29:40,16,0,60000,MOCK_NYPD_V1
MOCK-000300,18,MANHATTAN,MISDEMEANOR,PETIT LARCENY,2026-05-11T15:59:35,15,0,60000,MOCK_NYPD_V1
MOCK-000301,18,MANHATTAN,MISDEMEANOR,CRIMINAL MISCHIEF,2026-05-18T10:22:47,10,0,60000,MOCK_NYPD_V1
MOCK-000302,18,MANHATTAN,FELONY,BURGLARY,2026-05-21T14:47:34,14,0,60000,MOCK_NYPD_V1
MOCK-000303,18,MANHATTAN,FELONY,FELONY ASSAULT,2026-05-29T21:08:33,21,1,60000,MOCK_NYPD_V1
MOCK-000304,18,MANHATTAN,MISDEMEANOR,CRIMINAL MISCHIEF,2026-06-02T08:14:49,8,0,60000,MOCK_NYPD_V1
MOCK-000305,18,MANHATTAN,MISDEMEANOR,PETIT LARCENY,2026-06-02T13:05:57,13,0,60000,MOCK_NYPD_V1
MOCK-000306,18,MANHATTAN,MISDEMEANOR,MISDEMEANOR ASSAULT,2026-06-09T15:44:31,15,0,60000,MOCK_NYPD_V1
MOCK-000307,18,MANHATTAN,MISDEMEANOR,PETIT LARCENY,2026-06-16T19:31:18,19,0,60000,MOCK_NYPD_V1
MOCK-000308,18,MANHATTAN,MISDEMEANOR,HARRASSMENT 2,2026-06-24T23:35:09,23,1,60000,MOCK_NYPD_V1
MOCK-000309,18,MANHATTAN,MISDEMEANOR,PETIT LARCENY,2026-06-28T06:02:34,6,0,60000,MOCK_NYPD_V1
MOCK-000310,18,MANHATTAN,FELONY,BURGLARY,2026-06-29T05:37:39,5,1,60000,MOCK_NYPD_V1
MOCK-000311,19,MANHATTAN,MISDEMEANOR,MISDEMEANOR ASSAULT,2025-07-05T19:40:36,19,0,120000,MOCK_NYPD_V1
MOCK-000312,19,MANHATTAN,MISDEMEANOR,CRIMINAL MISCHIEF,2025-07-06T06:38:58,6,0,120000,MOCK_NYPD_V1
MOCK-000313,19,MANHATTAN,MISDEMEANOR,MISDEMEANOR ASSAULT,2025-07-07T17:41:51,17,0,120000,MOCK_NYPD_V1
MOCK-000314,19,MANHATTAN,MISDEMEANOR,PETIT LARCENY,2025-07-12T09:33:39,9,0,120000,MOCK_NYPD_V1
MOCK-000315,19,MANHATTAN,FELONY,ROBBERY,2025-07-12T17:35:05,17,0,120000,MOCK_NYPD_V1
MOCK-000316,19,MANHATTAN,MISDEMEANOR,CRIMINAL MISCHIEF,2025-07-22T13:43:21,13,0,120000,MOCK_NYPD_V1
MOCK-000317,19,MANHATTAN,MISDEMEANOR,HARRASSMENT 2,2025-07-27T05:32:28,5,1,120000,MOCK_NYPD_V1
MOCK-000318,19,MANHATTAN,MISDEMEANOR,MISDEMEANOR ASSAULT,2025-07-28T01:06:13,1,1,120000,MOCK_NYPD_V1
MOCK-000319,19,MANHATTAN,FELONY,FELONY ASSAULT,2025-08-03T12:10:56,12,0,120000,MOCK_NYPD_V1
MOCK-000320,19,MANHATTAN,MISDEMEANOR,PETIT LARCENY,2025-08-04T07:12:11,7,0,120000,MOCK_NYPD_V1
MOCK-000321,19,MANHATTAN,FELONY,ROBBERY,2025-08-05T06:39:53,6,0,120000,MOCK_NYPD_V1
MOCK-000322,19,MANHATTAN,MISDEMEANOR,CRIMINAL MISCHIEF,2025-08-07T07:06:11,7,0,120000,MOCK_NYPD_V1
MOCK-000323,19,MANHATTAN,MISDEMEANOR,CRIMINAL MISCHIEF,2025-08-11T17:22:38,17,0,120000,MOCK_NYPD_V1
MOCK-000324,19,MANHATTAN,MISDEMEANOR,CRIMINAL MISCHIEF,2025-08-15T01:49:50,1,1,120000,MOCK_NYPD_V1
MOCK-000325,19,MANHATTAN,MISDEMEANOR,MISDEMEANOR ASSAULT,2025-08-16T03:11:09,3,1,120000,MOCK_NYPD_V1
MOCK-000326,19,MANHATTAN,MISDEMEANOR,MISDEMEANOR ASSAULT,2025-08-16T14:17:56,14,0,120000,MOCK_NYPD_V1
MOCK-000327,19,MANHATTAN,FELONY,ROBBERY,2025-08-16T19:10:45,19,0,120000,MOCK_NYPD_V1
MOCK-000328,19,MANHATTAN,MISDEMEANOR,MISDEMEANOR ASSAULT,2025-08-21T20:15:53,20,1,120000,MOCK_NYPD_V1
MOCK-000329,19,MANHATTAN,MISDEMEANOR,CRIMINAL MISCHIEF,2025-08-22T12:56:46,12,0,120000,MOCK_NYPD_V1
MOCK-000330,19,MANHATTAN,MISDEMEANOR,PETIT LARCENY,2025-08-23T08:10:36,8,0,120000,MOCK_NYPD_V1
MOCK-000331,19,MANHATTAN,MISDEMEANOR,HARRASSMENT 2,2025-08-27T20:28:30,20,1,120000,MOCK_NYPD_V1
MOCK-000332,19,MANHATTAN,MISDEMEANOR,MISDEMEANOR ASSAULT,2025-08-28T01:34:47,1,1,120000,MOCK_NYPD_V1
MOCK-000333,19,MANHATTAN,FELONY,FELONY ASSAULT,2025-09-02T12:02:17,12,0,120000,MOCK_NYPD_V1
MOCK-000334,19,MANHATTAN,MISDEMEANOR,PETIT LARCENY,2025-09-03T13:21:05,13,0,120000,MOCK_NYPD_V1
MOCK-000335,19,MANHATTAN,FELONY,GRAND LARCENY,2025-09-06T08:27:40,8,0,120000,MOCK_NYPD_V1
MOCK-000336,19,MANHATTAN,MISDEMEANOR,MISDEMEANOR ASSAULT,2025-09-10T07:42:09,7,0,120000,MOCK_NYPD_V1
MOCK-000337,19,MANHATTAN,MISDEMEANOR,CRIMINAL MISCHIEF,2025-09-18T12:10:15,12,0,120000,MOCK_NYPD_V1
MOCK-000338,19,MANHATTAN,MISDEMEANOR,HARRASSMENT 2,2025-09-21T19:25:44,19,0,120000,MOCK_NYPD_V1
MOCK-000339,19,MANHATTAN,MISDEMEANOR,CRIMINAL MISCHIEF,2025-09-25T22:02:18,22,1,120000,MOCK_NYPD_V1
MOCK-000340,19,MANHATTAN,MISDEMEANOR,HARRASSMENT 2,2025-09-26T03:29:46,3,1,120000,MOCK_NYPD_V1
MOCK-000341,19,MANHATTAN,MISDEMEANOR,MISDEMEANOR ASSAULT,2025-10-12T15:11:44,15,0,120000,MOCK_NYPD_V1
MOCK-000342,19,MANHATTAN,MISDEMEANOR,CRIMINAL MISCHIEF,2025-10-17T05:03:02,5,1,120000,MOCK_NYPD_V1
MOCK-000343,19,MANHATTAN,MISDEMEANOR,MISDEMEANOR ASSAULT,2025-10-20T00:54:13,0,1,120000,MOCK_NYPD_V1
MOCK-000344,19,MANHATTAN,MISDEMEANOR,CRIMINAL MISCHIEF,2025-10-27T06:16:27,6,0,120000,MOCK_NYPD_V1
MOCK-000345,19,MANHATTAN,MISDEMEANOR,MISDEMEANOR ASSAULT,2025-10-27T09:43:43,9,0,120000,MOCK_NYPD_V1
MOCK-000346,19,MANHATTAN,MISDEMEANOR,HARRASSMENT 2,2025-10-31T15:49:53,15,0,120000,MOCK_NYPD_V1
MOCK-000347,19,MANHATTAN,FELONY,BURGLARY,2025-11-03T14:40:23,14,0,120000,MOCK_NYPD_V1
MOCK-000348,19,MANHATTAN,MISDEMEANOR,HARRASSMENT 2,2025-11-06T08:35:48,8,0,120000,MOCK_NYPD_V1
MOCK-000349,19,MANHATTAN,MISDEMEANOR,HARRASSMENT 2,2025-11-06T20:34:56,20,1,120000,MOCK_NYPD_V1
MOCK-000350,19,MANHATTAN,FELONY,GRAND LARCENY,2025-11-07T03:44:25,3,1,120000,MOCK_NYPD_V1
MOCK-000351,19,MANHATTAN,FELONY,FELONY ASSAULT,2025-11-08T02:45:45,2,1,120000,MOCK_NYPD_V1
MOCK-000352,19,MANHATTAN,FELONY,FELONY ASSAULT,2025-11-17T00:32:22,0,1,120000,MOCK_NYPD_V1
MOCK-000353,19,MANHATTAN,MISDEMEANOR,MISDEMEANOR ASSAULT,2025-11-18T01:52:34,1,1,120000,MOCK_NYPD_V1
MOCK-000354,19,MANHATTAN,FELONY,ROBBERY,2025-11-18T23:24:41,23,1,120000,MOCK_NYPD_V1
MOCK-000355,19,MANHATTAN,MISDEMEANOR,CRIMINAL MISCHIEF,2025-11-19T16:10:21,16,0,120000,MOCK_NYPD_V1
MOCK-000356,19,MANHATTAN,MISDEMEANOR,HARRASSMENT 2,2025-11-23T11:51:47,11,0,120000,MOCK_NYPD_V1
MOCK-000357,19,MANHATTAN,MISDEMEANOR,HARRASSMENT 2,2025-11-27T00:14:21,0,1,120000,MOCK_NYPD_V1
MOCK-000358,19,MANHATTAN,MISDEMEANOR,CRIMINAL MISCHIEF,2025-11-27T05:15:47,5,1,120000,MOCK_NYPD_V1
MOCK-000359,19,MANHATTAN,FELONY,FELONY ASSAULT,2025-11-28T09:10:26,9,0,120000,MOCK_NYPD_V1
MOCK-000360,19,MANHATTAN,MISDEMEANOR,PETIT LARCENY,2025-11-28T18:45:29,18,0,120000,MOCK_NYPD_V1
MOCK-000361,19,MANHATTAN,FELONY,GRAND LARCENY,2025-11-29T13:23:21,13,0,120000,MOCK_NYPD_V1
MOCK-000362,19,MANHATTAN,FELONY,FELONY ASSAULT,2025-12-03T03:08:45,3,1,120000,MOCK_NYPD_V1
MOCK-000363,19,MANHATTAN,FELONY,GRAND LARCENY,2025-12-03T12:16:31,12,0,120000,MOCK_NYPD_V1
MOCK-000364,19,MANHATTAN,MISDEMEANOR,HARRASSMENT 2,2025-12-08T13:42:19,13,0,120000,MOCK_NYPD_V1
MOCK-000365,19,MANHATTAN,MISDEMEANOR,PETIT LARCENY,2025-12-10T23:21:50,23,1,120000,MOCK_NYPD_V1
MOCK-000366,19,MANHATTAN,FELONY,GRAND LARCENY,2025-12-12T02:12:08,2,1,120000,MOCK_NYPD_V1
MOCK-000367,19,MANHATTAN,FELONY,GRAND LARCENY,2025-12-13T05:47:28,5,1,120000,MOCK_NYPD_V1
MOCK-000368,19,MANHATTAN,MISDEMEANOR,MISDEMEANOR ASSAULT,2025-12-17T00:26:29,0,1,120000,MOCK_NYPD_V1
MOCK-000369,19,MANHATTAN,MISDEMEANOR,PETIT LARCENY,2025-12-18T09:31:43,9,0,120000,MOCK_NYPD_V1
MOCK-000370,19,MANHATTAN,MISDEMEANOR,HARRASSMENT 2,2025-12-18T16:23:14,16,0,120000,MOCK_NYPD_V1
MOCK-000371,19,MANHATTAN,FELONY,GRAND LARCENY,2025-12-19T13:50:21,13,0,120000,MOCK_NYPD_V1
MOCK-000372,19,MANHATTAN,MISDEMEANOR,PETIT LARCENY,2025-12-28T14:08:27,14,0,120000,MOCK_NYPD_V1
MOCK-000373,19,MANHATTAN,MISDEMEANOR,PETIT LARCENY,2026-01-04T05:46:37,5,1,120000,MOCK_NYPD_V1
MOCK-000374,19,MANHATTAN,MISDEMEANOR,PETIT LARCENY,2026-01-05T02:07:51,2,1,120000,MOCK_NYPD_V1
MOCK-000375,19,MANHATTAN,FELONY,BURGLARY,2026-01-08T20:54:23,20,1,120000,MOCK_NYPD_V1
MOCK-000376,19,MANHATTAN,MISDEMEANOR,CRIMINAL MISCHIEF,2026-01-14T03:57:12,3,1,120000,MOCK_NYPD_V1
MOCK-000377,19,MANHATTAN,MISDEMEANOR,MISDEMEANOR ASSAULT,2026-01-15T00:48:30,0,1,120000,MOCK_NYPD_V1
MOCK-000378,19,MANHATTAN,MISDEMEANOR,HARRASSMENT 2,2026-01-23T11:58:25,11,0,120000,MOCK_NYPD_V1
MOCK-000379,19,MANHATTAN,MISDEMEANOR,CRIMINAL MISCHIEF,2026-01-27T19:44:57,19,0,120000,MOCK_NYPD_V1
MOCK-000380,19,MANHATTAN,MISDEMEANOR,MISDEMEANOR ASSAULT,2026-01-29T12:18:46,12,0,120000,MOCK_NYPD_V1
MOCK-000381,19,MANHATTAN,MISDEMEANOR,HARRASSMENT 2,2026-02-02T21:59:31,21,1,120000,MOCK_NYPD_V1
MOCK-000382,19,MANHATTAN,MISDEMEANOR,MISDEMEANOR ASSAULT,2026-02-03T05:27:31,5,1,120000,MOCK_NYPD_V1
MOCK-000383,19,MANHATTAN,FELONY,GRAND LARCENY,2026-02-11T15:12:44,15,0,120000,MOCK_NYPD_V1
MOCK-000384,19,MANHATTAN,MISDEMEANOR,PETIT LARCENY,2026-02-18T01:27:18,1,1,120000,MOCK_NYPD_V1
MOCK-000385,19,MANHATTAN,FELONY,ROBBERY,2026-02-24T04:46:45,4,1,120000,MOCK_NYPD_V1
MOCK-000386,19,MANHATTAN,FELONY,FELONY ASSAULT,2026-02-27T09:10:10,9,0,120000,MOCK_NYPD_V1
MOCK-000387,19,MANHATTAN,MISDEMEANOR,PETIT LARCENY,2026-03-17T08:52:13,8,0,120000,MOCK_NYPD_V1
MOCK-000388,19,MANHATTAN,MISDEMEANOR,PETIT LARCENY,2026-03-22T11:20:11,11,0,120000,MOCK_NYPD_V1
MOCK-000389,19,MANHATTAN,MISDEMEANOR,CRIMINAL MISCHIEF,2026-03-27T22:43:10,22,1,120000,MOCK_NYPD_V1
MOCK-000390,19,MANHATTAN,FELONY,FELONY ASSAULT,2026-03-30T15:08:35,15,0,120000,MOCK_NYPD_V1
MOCK-000391,19,MANHATTAN,MISDEMEANOR,PETIT LARCENY,2026-04-06T06:58:35,6,0,120000,MOCK_NYPD_V1
MOCK-000392,19,MANHATTAN,MISDEMEANOR,CRIMINAL MISCHIEF,2026-04-13T14:33:36,14,0,120000,MOCK_NYPD_V1
MOCK-000393,19,MANHATTAN,MISDEMEANOR,MISDEMEANOR ASSAULT,2026-04-17T16:27:29,16,0,120000,MOCK_NYPD_V1
MOCK-000394,19,MANHATTAN,FELONY,BURGLARY,2026-04-20T04:10:12,4,1,120000,MOCK_NYPD_V1
MOCK-000395,19,MANHATTAN,MISDEMEANOR,PETIT LARCENY,2026-04-20T05:18:48,5,1,120000,MOCK_NYPD_V1
MOCK-000396,19,MANHATTAN,FELONY,ROBBERY,2026-04-23T01:59:46,1,1,120000,MOCK_NYPD_V1
MOCK-000397,19,MANHATTAN,MISDEMEANOR,HARRASSMENT 2,2026-04-26T17:21:35,17,0,120000,MOCK_NYPD_V1
MOCK-000398,19,MANHATTAN,FELONY,FELONY ASSAULT,2026-04-28T04:04:46,4,1,120000,MOCK_NYPD_V1
MOCK-000399,19,MANHATTAN,MISDEMEANOR,MISDEMEANOR ASSAULT,2026-05-07T12:28:09,12,0,120000,MOCK_NYPD_V1
MOCK-000400,19,MANHATTAN,MISDEMEANOR,MISDEMEANOR ASSAULT,2026-05-07T21:23:59,21,1,120000,MOCK_NYPD_V1
MOCK-000401,19,MANHATTAN,FELONY,GRAND LARCENY,2026-05-09T18:43:54,18,0,120000,MOCK_NYPD_V1
MOCK-000402,19,MANHATTAN,MISDEMEANOR,PETIT LARCENY,2026-05-17T10:29:22,10,0,120000,MOCK_NYPD_V1
MOCK-000403,19,MANHATTAN,MISDEMEANOR,CRIMINAL MISCHIEF,2026-05-23T07:08:28,7,0,120000,MOCK_NYPD_V1
MOCK-000404,19,MANHATTAN,MISDEMEANOR,CRIMINAL MISCHIEF,2026-05-29T02:07:35,2,1,120000,MOCK_NYPD_V1
MOCK-000405,19,MANHATTAN,FELONY,BURGLARY,2026-06-01T08:21:05,8,0,120000,MOCK_NYPD_V1
MOCK-000406,19,MANHATTAN,MISDEMEANOR,CRIMINAL MISCHIEF,2026-06-04T20:33:54,20,1,120000,MOCK_NYPD_V1
MOCK-000407,19,MANHATTAN,MISDEMEANOR,CRIMINAL MISCHIEF,2026-06-05T01:52:00,1,1,120000,MOCK_NYPD_V1
MOCK-000408,19,MANHATTAN,FELONY,GRAND LARCENY,2026-06-05T16:39:50,16,0,120000,MOCK_NYPD_V1
MOCK-000409,19,MANHATTAN,FELONY,FELONY ASSAULT,2026-06-09T11:22:24,11,0,120000,MOCK_NYPD_V1
MOCK-000410,19,MANHATTAN,FELONY,FELONY ASSAULT,2026-06-12T18:26:16,18,0,120000,MOCK_NYPD_V1
MOCK-000411,19,MANHATTAN,FELONY,FELONY ASSAULT,2026-06-19T12:37:45,12,0,120000,MOCK_NYPD_V1
MOCK-000412,19,MANHATTAN,FELONY,BURGLARY,2026-06-21T12:39:06,12,0,120000,MOCK_NYPD_V1
MOCK-000413,19,MANHATTAN,MISDEMEANOR,CRIMINAL MISCHIEF,2026-06-22T18:27:00,18,0,120000,MOCK_NYPD_V1
MOCK-000414,19,MANHATTAN,FELONY,ROBBERY,2026-06-23T21:55:55,21,1,120000,MOCK_NYPD_V1
MOCK-000415,19,MANHATTAN,FELONY,ROBBERY,2026-06-25T07:47:22,7,0,120000,MOCK_NYPD_V1
MOCK-000416,20,MANHATTAN,MISDEMEANOR,MISDEMEANOR ASSAULT,2025-07-01T08:31:57,8,0,20000,MOCK_NYPD_V1
MOCK-000417,20,MANHATTAN,MISDEMEANOR,CRIMINAL MISCHIEF,2025-07-24T17:13:21,17,0,20000,MOCK_NYPD_V1
MOCK-000418,20,MANHATTAN,MISDEMEANOR,PETIT LARCENY,2025-07-28T05:57:31,5,1,20000,MOCK_NYPD_V1
MOCK-000419,20,MANHATTAN,MISDEMEANOR,HARRASSMENT 2,2025-08-18T16:50:39,16,0,20000,MOCK_NYPD_V1
MOCK-000420,20,MANHATTAN,MISDEMEANOR,MISDEMEANOR ASSAULT,2025-08-28T08:28:34,8,0,20000,MOCK_NYPD_V1
MOCK-000421,20,MANHATTAN,MISDEMEANOR,CRIMINAL MISCHIEF,2025-08-30T11:23:07,11,0,20000,MOCK_NYPD_V1
MOCK-000422,20,MANHATTAN,FELONY,FELONY ASSAULT,2025-09-01T02:56:56,2,1,20000,MOCK_NYPD_V1
MOCK-000423,20,MANHATTAN,FELONY,GRAND LARCENY,2025-09-06T16:22:07,16,0,20000,MOCK_NYPD_V1
MOCK-000424,20,MANHATTAN,FELONY,ROBBERY,2025-09-10T13:39:49,13,0,20000,MOCK_NYPD_V1
MOCK-000425,20,MANHATTAN,FELONY,ROBBERY,2025-09-28T10:00:14,10,0,20000,MOCK_NYPD_V1
MOCK-000426,20,MANHATTAN,FELONY,ROBBERY,2025-11-07T06:28:02,6,0,20000,MOCK_NYPD_V1
MOCK-000427,20,MANHATTAN,MISDEMEANOR,HARRASSMENT 2,2025-11-25T17:01:32,17,0,20000,MOCK_NYPD_V1
MOCK-000428,20,MANHATTAN,FELONY,BURGLARY,2025-11-29T13:13:50,13,0,20000,MOCK_NYPD_V1
MOCK-000429,20,MANHATTAN,MISDEMEANOR,HARRASSMENT 2,2025-12-01T04:41:40,4,1,20000,MOCK_NYPD_V1
MOCK-000430,20,MANHATTAN,MISDEMEANOR,PETIT LARCENY,2026-01-09T07:29:54,7,0,20000,MOCK_NYPD_V1
MOCK-000431,20,MANHATTAN,FELONY,ROBBERY,2026-01-14T18:25:12,18,0,20000,MOCK_NYPD_V1
MOCK-000432,20,MANHATTAN,MISDEMEANOR,HARRASSMENT 2,2026-02-07T14:23:44,14,0,20000,MOCK_NYPD_V1
MOCK-000433,20,MANHATTAN,MISDEMEANOR,HARRASSMENT 2,2026-02-24T20:58:06,20,1,20000,MOCK_NYPD_V1
MOCK-000434,20,MANHATTAN,MISDEMEANOR,PETIT LARCENY,2026-03-01T15:02:17,15,0,20000,MOCK_NYPD_V1
MOCK-000435,20,MANHATTAN,MISDEMEANOR,HARRASSMENT 2,2026-03-12T19:07:16,19,0,20000,MOCK_NYPD_V1
MOCK-000436,20,MANHATTAN,MISDEMEANOR,PETIT LARCENY,2026-03-24T00:15:46,0,1,20000,MOCK_NYPD_V1
MOCK-000437,20,MANHATTAN,MISDEMEANOR,HARRASSMENT 2,2026-06-06T02:52:56,2,1,20000,MOCK_NYPD_V1
MOCK-000438,20,MANHATTAN,FELONY,ROBBERY,2026-06-10T19:43:11,19,0,20000,MOCK_NYPD_V1
MOCK-000439,20,MANHATTAN,MISDEMEANOR,HARRASSMENT 2,2026-06-21T09:59:21,9,0,20000,MOCK_NYPD_V1
MOCK-000440,26,MANHATTAN,MISDEMEANOR,PETIT LARCENY,2025-07-04T14:17:20,14,0,60000,MOCK_NYPD_V1
MOCK-000441,26,MANHATTAN,MISDEMEANOR,HARRASSMENT 2,2025-07-14T04:11:49,4,1,60000,MOCK_NYPD_V1
MOCK-000442,26,MANHATTAN,MISDEMEANOR,PETIT LARCENY,2025-07-17T03:20:43,3,1,60000,MOCK_NYPD_V1
MOCK-000443,26,MANHATTAN,MISDEMEANOR,PETIT LARCENY,2025-08-12T21:13:41,21,1,60000,MOCK_NYPD_V1
MOCK-000444,26,MANHATTAN,MISDEMEANOR,HARRASSMENT 2,2025-08-14T21:17:08,21,1,60000,MOCK_NYPD_V1
MOCK-000445,26,MANHATTAN,MISDEMEANOR,HARRASSMENT 2,2025-08-17T03:58:37,3,1,60000,MOCK_NYPD_V1
MOCK-000446,26,MANHATTAN,FELONY,FELONY ASSAULT,2025-08-19T21:11:55,21,1,60000,MOCK_NYPD_V1
MOCK-000447,26,MANHATTAN,FELONY,FELONY ASSAULT,2025-08-20T21:08:39,21,1,60000,MOCK_NYPD_V1
MOCK-000448,26,MANHATTAN,FELONY,GRAND LARCENY,2025-08-22T08:38:33,8,0,60000,MOCK_NYPD_V1
MOCK-000449,26,MANHATTAN,MISDEMEANOR,HARRASSMENT 2,2025-08-22T14:45:25,14,0,60000,MOCK_NYPD_V1
MOCK-000450,26,MANHATTAN,FELONY,FELONY ASSAULT,2025-08-25T00:38:00,0,1,60000,MOCK_NYPD_V1
MOCK-000451,26,MANHATTAN,MISDEMEANOR,CRIMINAL MISCHIEF,2025-08-26T12:18:05,12,0,60000,MOCK_NYPD_V1
MOCK-000452,26,MANHATTAN,MISDEMEANOR,CRIMINAL MISCHIEF,2025-08-27T03:36:57,3,1,60000,MOCK_NYPD_V1
MOCK-000453,26,MANHATTAN,MISDEMEANOR,HARRASSMENT 2,2025-08-30T23:19:09,23,1,60000,MOCK_NYPD_V1
MOCK-000454,26,MANHATTAN,MISDEMEANOR,PETIT LARCENY,2025-09-02T13:06:19,13,0,60000,MOCK_NYPD_V1
MOCK-000455,26,MANHATTAN,FELONY,FELONY ASSAULT,2025-09-07T19:50:29,19,0,60000,MOCK_NYPD_V1
MOCK-000456,26,MANHATTAN,FELONY,FELONY ASSAULT,2025-09-09T06:16:47,6,0,60000,MOCK_NYPD_V1
MOCK-000457,26,MANHATTAN,MISDEMEANOR,CRIMINAL MISCHIEF,2025-09-13T13:02:03,13,0,60000,MOCK_NYPD_V1
MOCK-000458,26,MANHATTAN,FELONY,BURGLARY,2025-09-15T15:21:02,15,0,60000,MOCK_NYPD_V1
MOCK-000459,26,MANHATTAN,FELONY,FELONY ASSAULT,2025-09-16T22:24:59,22,1,60000,MOCK_NYPD_V1
MOCK-000460,26,MANHATTAN,FELONY,ROBBERY,2025-09-19T09:58:25,9,0,60000,MOCK_NYPD_V1
MOCK-000461,26,MANHATTAN,MISDEMEANOR,CRIMINAL MISCHIEF,2025-09-20T08:32:01,8,0,60000,MOCK_NYPD_V1
MOCK-000462,26,MANHATTAN,MISDEMEANOR,CRIMINAL MISCHIEF,2025-09-24T02:59:32,2,1,60000,MOCK_NYPD_V1
MOCK-000463,26,MANHATTAN,MISDEMEANOR,HARRASSMENT 2,2025-10-21T04:42:23,4,1,60000,MOCK_NYPD_V1
MOCK-000464,26,MANHATTAN,MISDEMEANOR,HARRASSMENT 2,2025-10-23T00:06:43,0,1,60000,MOCK_NYPD_V1
MOCK-000465,26,MANHATTAN,FELONY,BURGLARY,2025-10-26T18:01:52,18,0,60000,MOCK_NYPD_V1
MOCK-000466,26,MANHATTAN,MISDEMEANOR,MISDEMEANOR ASSAULT,2025-10-28T08:02:56,8,0,60000,MOCK_NYPD_V1
MOCK-000467,26,MANHATTAN,FELONY,ROBBERY,2025-10-30T09:56:53,9,0,60000,MOCK_NYPD_V1
MOCK-000468,26,MANHATTAN,MISDEMEANOR,HARRASSMENT 2,2025-11-06T10:28:02,10,0,60000,MOCK_NYPD_V1
MOCK-000469,26,MANHATTAN,FELONY,GRAND LARCENY,2025-11-07T12:42:20,12,0,60000,MOCK_NYPD_V1
MOCK-000470,26,MANHATTAN,MISDEMEANOR,HARRASSMENT 2,2025-11-11T07:40:22,7,0,60000,MOCK_NYPD_V1
MOCK-000471,26,MANHATTAN,MISDEMEANOR,CRIMINAL MISCHIEF,2025-11-15T18:00:03,18,0,60000,MOCK_NYPD_V1
MOCK-000472,26,MANHATTAN,FELONY,GRAND LARCENY,2025-11-22T06:59:50,6,0,60000,MOCK_NYPD_V1
MOCK-000473,26,MANHATTAN,FELONY,GRAND LARCENY,2025-11-26T03:20:30,3,1,60000,MOCK_NYPD_V1
MOCK-000474,26,MANHATTAN,FELONY,ROBBERY,2025-11-28T21:24:10,21,1,60000,MOCK_NYPD_V1
MOCK-000475,26,MANHATTAN,MISDEMEANOR,MISDEMEANOR ASSAULT,2025-12-01T04:39:53,4,1,60000,MOCK_NYPD_V1
MOCK-000476,26,MANHATTAN,MISDEMEANOR,PETIT LARCENY,2025-12-07T06:12:48,6,0,60000,MOCK_NYPD_V1
MOCK-000477,26,MANHATTAN,MISDEMEANOR,CRIMINAL MISCHIEF,2025-12-07T08:39:41,8,0,60000,MOCK_NYPD_V1
MOCK-000478,26,MANHATTAN,MISDEMEANOR,CRIMINAL MISCHIEF,2025-12-09T02:06:51,2,1,60000,MOCK_NYPD_V1
MOCK-000479,26,MANHATTAN,MISDEMEANOR,PETIT LARCENY,2025-12-14T17:55:19,17,0,60000,MOCK_NYPD_V1
MOCK-000480,26,MANHATTAN,MISDEMEANOR,HARRASSMENT 2,2025-12-22T00:15:42,0,1,60000,MOCK_NYPD_V1
MOCK-000481,26,MANHATTAN,FELONY,ROBBERY,2025-12-27T14:06:52,14,0,60000,MOCK_NYPD_V1
MOCK-000482,26,MANHATTAN,MISDEMEANOR,PETIT LARCENY,2025-12-30T05:10:42,5,1,60000,MOCK_NYPD_V1
MOCK-000483,26,MANHATTAN,MISDEMEANOR,CRIMINAL MISCHIEF,2026-01-05T14:49:48,14,0,60000,MOCK_NYPD_V1
MOCK-000484,26,MANHATTAN,MISDEMEANOR,HARRASSMENT 2,2026-01-13T00:34:17,0,1,60000,MOCK_NYPD_V1
MOCK-000485,26,MANHATTAN,MISDEMEANOR,PETIT LARCENY,2026-01-14T05:51:13,5,1,60000,MOCK_NYPD_V1
MOCK-000486,26,MANHATTAN,MISDEMEANOR,HARRASSMENT 2,2026-01-16T09:14:58,9,0,60000,MOCK_NYPD_V1
MOCK-000487,26,MANHATTAN,MISDEMEANOR,HARRASSMENT 2,2026-01-24T00:30:56,0,1,60000,MOCK_NYPD_V1
MOCK-000488,26,MANHATTAN,FELONY,ROBBERY,2026-01-31T09:30:49,9,0,60000,MOCK_NYPD_V1
MOCK-000489,26,MANHATTAN,FELONY,ROBBERY,2026-02-04T20:38:00,20,1,60000,MOCK_NYPD_V1
MOCK-000490,26,MANHATTAN,MISDEMEANOR,MISDEMEANOR ASSAULT,2026-02-12T17:05:49,17,0,60000,MOCK_NYPD_V1
MOCK-000491,26,MANHATTAN,FELONY,ROBBERY,2026-02-22T16:16:10,16,0,60000,MOCK_NYPD_V1
MOCK-000492,26,MANHATTAN,FELONY,BURGLARY,2026-02-23T16:08:34,16,0,60000,MOCK_NYPD_V1
MOCK-000493,26,MANHATTAN,FELONY,GRAND LARCENY,2026-02-23T19:12:53,19,0,60000,MOCK_NYPD_V1
MOCK-000494,26,MANHATTAN,FELONY,FELONY ASSAULT,2026-02-25T04:01:09,4,1,60000,MOCK_NYPD_V1
MOCK-000495,26,MANHATTAN,FELONY,BURGLARY,2026-03-12T04:19:10,4,1,60000,MOCK_NYPD_V1
MOCK-000496,26,MANHATTAN,FELONY,GRAND LARCENY,2026-03-20T20:27:55,20,1,60000,MOCK_NYPD_V1
MOCK-000497,26,MANHATTAN,MISDEMEANOR,MISDEMEANOR ASSAULT,2026-03-25T13:40:07,13,0,60000,MOCK_NYPD_V1
MOCK-000498,26,MANHATTAN,MISDEMEANOR,MISDEMEANOR ASSAULT,2026-03-31T20:47:38,20,1,60000,MOCK_NYPD_V1
MOCK-000499,26,MANHATTAN,MISDEMEANOR,MISDEMEANOR ASSAULT,2026-04-02T16:25:41,16,0,60000,MOCK_NYPD_V1
MOCK-000500,26,MANHATTAN,MISDEMEANOR,CRIMINAL MISCHIEF,2026-04-04T19:10:37,19,0,60000,MOCK_NYPD_V1
MOCK-000501,26,MANHATTAN,FELONY,FELONY ASSAULT,2026-04-07T13:47:18,13,0,60000,MOCK_NYPD_V1
MOCK-000502,26,MANHATTAN,MISDEMEANOR,MISDEMEANOR ASSAULT,2026-04-12T03:52:24,3,1,60000,MOCK_NYPD_V1
MOCK-000503,26,MANHATTAN,MISDEMEANOR,CRIMINAL MISCHIEF,2026-04-12T12:35:41,12,0,60000,MOCK_NYPD_V1
MOCK-000504,26,MANHATTAN,MISDEMEANOR,CRIMINAL MISCHIEF,2026-04-12T18:37:09,18,0,60000,MOCK_NYPD_V1
MOCK-000505,26,MANHATTAN,FELONY,GRAND LARCENY,2026-04-13T10:23:33,10,0,60000,MOCK_NYPD_V1
MOCK-000506,26,MANHATTAN,FELONY,FELONY ASSAULT,2026-04-19T08:08:59,8,0,60000,MOCK_NYPD_V1
MOCK-000507,26,MANHATTAN,FELONY,GRAND LARCENY,2026-04-19T08:24:43,8,0,60000,MOCK_NYPD_V1
MOCK-000508,26,MANHATTAN,MISDEMEANOR,PETIT LARCENY,2026-04-19T23:02:55,23,1,60000,MOCK_NYPD_V1
MOCK-000509,26,MANHATTAN,MISDEMEANOR,CRIMINAL MISCHIEF,2026-04-21T10:08:05,10,0,60000,MOCK_NYPD_V1
MOCK-000510,26,MANHATTAN,FELONY,FELONY ASSAULT,2026-05-06T21:56:45,21,1,60000,MOCK_NYPD_V1
MOCK-000511,26,MANHATTAN,FELONY,ROBBERY,2026-05-08T12:25:50,12,0,60000,MOCK_NYPD_V1
MOCK-000512,26,MANHATTAN,FELONY,FELONY ASSAULT,2026-05-09T23:15:40,23,1,60000,MOCK_NYPD_V1
MOCK-000513,26,MANHATTAN,MISDEMEANOR,CRIMINAL MISCHIEF,2026-05-18T04:19:53,4,1,60000,MOCK_NYPD_V1
MOCK-000514,26,MANHATTAN,MISDEMEANOR,HARRASSMENT 2,2026-05-18T13:21:50,13,0,60000,MOCK_NYPD_V1
MOCK-000515,26,MANHATTAN,MISDEMEANOR,MISDEMEANOR ASSAULT,2026-05-28T21:47:58,21,1,60000,MOCK_NYPD_V1
MOCK-000516,26,MANHATTAN,FELONY,FELONY ASSAULT,2026-05-29T20:06:29,20,1,60000,MOCK_NYPD_V1
MOCK-000517,26,MANHATTAN,MISDEMEANOR,HARRASSMENT 2,2026-05-31T07:51:54,7,0,60000,MOCK_NYPD_V1
MOCK-000518,26,MANHATTAN,MISDEMEANOR,PETIT LARCENY,2026-05-31T11:24:06,11,0,60000,MOCK_NYPD_V1
MOCK-000519,26,MANHATTAN,FELONY,FELONY ASSAULT,2026-06-07T18:49:32,18,0,60000,MOCK_NYPD_V1
MOCK-000520,26,MANHATTAN,MISDEMEANOR,MISDEMEANOR ASSAULT,2026-06-11T04:50:22,4,1,60000,MOCK_NYPD_V1
MOCK-000521,26,MANHATTAN,FELONY,FELONY ASSAULT,2026-06-16T00:10:15,0,1,60000,MOCK_NYPD_V1
MOCK-000522,26,MANHATTAN,FELONY,BURGLARY,2026-06-17T20:25:42,20,1,60000,MOCK_NYPD_V1
MOCK-000523,26,MANHATTAN,MISDEMEANOR,PETIT LARCENY,2026-06-22T11:47:39,11,0,60000,MOCK_NYPD_V1
MOCK-000524,26,MANHATTAN,MISDEMEANOR,PETIT LARCENY,2026-06-25T06:26:19,6,0,60000,MOCK_NYPD_V1
MOCK-000525,26,MANHATTAN,MISDEMEANOR,HARRASSMENT 2,2026-06-28T17:06:29,17,0,60000,MOCK_NYPD_V1
MOCK-000526,61,BROOKLYN,FELONY,FELONY ASSAULT,2025-07-01T23:14:05,23,1,200000,MOCK_NYPD_V1
MOCK-000527,61,BROOKLYN,MISDEMEANOR,CRIMINAL MISCHIEF,2025-07-01T23:34:44,23,1,200000,MOCK_NYPD_V1
MOCK-000528,61,BROOKLYN,FELONY,BURGLARY,2025-07-02T01:28:23,1,1,200000,MOCK_NYPD_V1
MOCK-000529,61,BROOKLYN,FELONY,GRAND LARCENY,2025-07-02T02:58:04,2,1,200000,MOCK_NYPD_V1
MOCK-000530,61,BROOKLYN,MISDEMEANOR,MISDEMEANOR ASSAULT,2025-07-03T13:21:00,13,0,200000,MOCK_NYPD_V1
MOCK-000531,61,BROOKLYN,FELONY,ROBBERY,2025-07-04T17:49:20,17,0,200000,MOCK_NYPD_V1
MOCK-000532,61,BROOKLYN,FELONY,BURGLARY,2025-07-04T21:37:46,21,1,200000,MOCK_NYPD_V1
MOCK-000533,61,BROOKLYN,MISDEMEANOR,PETIT LARCENY,2025-07-05T11:18:28,11,0,200000,MOCK_NYPD_V1
MOCK-000534,61,BROOKLYN,FELONY,GRAND LARCENY,2025-07-05T15:58:08,15,0,200000,MOCK_NYPD_V1
MOCK-000535,61,BROOKLYN,FELONY,BURGLARY,2025-07-05T22:17:15,22,1,200000,MOCK_NYPD_V1
MOCK-000536,61,BROOKLYN,MISDEMEANOR,PETIT LARCENY,2025-07-06T14:29:56,14,0,200000,MOCK_NYPD_V1
MOCK-000537,61,BROOKLYN,MISDEMEANOR,CRIMINAL MISCHIEF,2025-07-07T04:28:11,4,1,200000,MOCK_NYPD_V1
MOCK-000538,61,BROOKLYN,MISDEMEANOR,CRIMINAL MISCHIEF,2025-07-07T06:30:15,6,0,200000,MOCK_NYPD_V1
MOCK-000539,61,BROOKLYN,FELONY,GRAND LARCENY,2025-07-07T08:16:43,8,0,200000,MOCK_NYPD_V1
MOCK-000540,61,BROOKLYN,MISDEMEANOR,PETIT LARCENY,2025-07-11T08:35:12,8,0,200000,MOCK_NYPD_V1
MOCK-000541,61,BROOKLYN,MISDEMEANOR,CRIMINAL MISCHIEF,2025-07-11T16:02:58,16,0,200000,MOCK_NYPD_V1
MOCK-000542,61,BROOKLYN,FELONY,GRAND LARCENY,2025-07-11T17:05:14,17,0,200000,MOCK_NYPD_V1
MOCK-000543,61,BROOKLYN,FELONY,ROBBERY,2025-07-12T16:37:05,16,0,200000,MOCK_NYPD_V1
MOCK-000544,61,BROOKLYN,FELONY,GRAND LARCENY,2025-07-12T19:16:29,19,0,200000,MOCK_NYPD_V1
MOCK-000545,61,BROOKLYN,MISDEMEANOR,CRIMINAL MISCHIEF,2025-07-14T23:20:39,23,1,200000,MOCK_NYPD_V1
MOCK-000546,61,BROOKLYN,FELONY,BURGLARY,2025-07-16T07:42:40,7,0,200000,MOCK_NYPD_V1
MOCK-000547,61,BROOKLYN,FELONY,ROBBERY,2025-07-16T09:15:13,9,0,200000,MOCK_NYPD_V1
MOCK-000548,61,BROOKLYN,FELONY,FELONY ASSAULT,2025-07-17T13:55:36,13,0,200000,MOCK_NYPD_V1
MOCK-000549,61,BROOKLYN,FELONY,BURGLARY,2025-07-20T09:46:05,9,0,200000,MOCK_NYPD_V1
MOCK-000550,61,BROOKLYN,MISDEMEANOR,HARRASSMENT 2,2025-07-20T23:02:37,23,1,200000,MOCK_NYPD_V1
MOCK-000551,61,BROOKLYN,FELONY,ROBBERY,2025-07-21T10:41:32,10,0,200000,MOCK_NYPD_V1
MOCK-000552,61,BROOKLYN,MISDEMEANOR,MISDEMEANOR ASSAULT,2025-07-21T11:42:17,11,0,200000,MOCK_NYPD_V1
MOCK-000553,61,BROOKLYN,MISDEMEANOR,CRIMINAL MISCHIEF,2025-07-22T08:06:38,8,0,200000,MOCK_NYPD_V1
MOCK-000554,61,BROOKLYN,FELONY,FELONY ASSAULT,2025-07-22T12:19:09,12,0,200000,MOCK_NYPD_V1
MOCK-000555,61,BROOKLYN,FELONY,FELONY ASSAULT,2025-07-23T12:47:53,12,0,200000,MOCK_NYPD_V1
MOCK-000556,61,BROOKLYN,MISDEMEANOR,PETIT LARCENY,2025-07-25T15:09:47,15,0,200000,MOCK_NYPD_V1
MOCK-000557,61,BROOKLYN,FELONY,ROBBERY,2025-07-27T17:55:20,17,0,200000,MOCK_NYPD_V1
MOCK-000558,61,BROOKLYN,MISDEMEANOR,CRIMINAL MISCHIEF,2025-07-28T04:06:10,4,1,200000,MOCK_NYPD_V1
MOCK-000559,61,BROOKLYN,MISDEMEANOR,CRIMINAL MISCHIEF,2025-07-28T17:06:49,17,0,200000,MOCK_NYPD_V1
MOCK-000560,61,BROOKLYN,MISDEMEANOR,PETIT LARCENY,2025-07-29T01:07:00,1,1,200000,MOCK_NYPD_V1
MOCK-000561,61,BROOKLYN,FELONY,ROBBERY,2025-07-29T04:57:55,4,1,200000,MOCK_NYPD_V1
MOCK-000562,61,BROOKLYN,FELONY,ROBBERY,2025-07-29T16:21:37,16,0,200000,MOCK_NYPD_V1
MOCK-000563,61,BROOKLYN,MISDEMEANOR,PETIT LARCENY,2025-07-29T19:28:31,19,0,200000,MOCK_NYPD_V1
MOCK-000564,61,BROOKLYN,FELONY,FELONY ASSAULT,2025-07-30T04:58:20,4,1,200000,MOCK_NYPD_V1
MOCK-000565,61,BROOKLYN,MISDEMEANOR,PETIT LARCENY,2025-07-30T07:17:31,7,0,200000,MOCK_NYPD_V1
MOCK-000566,61,BROOKLYN,MISDEMEANOR,MISDEMEANOR ASSAULT,2025-07-31T23:24:13,23,1,200000,MOCK_NYPD_V1
MOCK-000567,61,BROOKLYN,FELONY,FELONY ASSAULT,2025-08-01T10:25:22,10,0,200000,MOCK_NYPD_V1
MOCK-000568,61,BROOKLYN,FELONY,ROBBERY,2025-08-02T13:05:26,13,0,200000,MOCK_NYPD_V1
MOCK-000569,61,BROOKLYN,FELONY,ROBBERY,2025-08-03T14:17:53,14,0,200000,MOCK_NYPD_V1
MOCK-000570,61,BROOKLYN,FELONY,ROBBERY,2025-08-04T13:11:57,13,0,200000,MOCK_NYPD_V1
MOCK-000571,61,BROOKLYN,MISDEMEANOR,PETIT LARCENY,2025-08-04T13:39:35,13,0,200000,MOCK_NYPD_V1
MOCK-000572,61,BROOKLYN,MISDEMEANOR,MISDEMEANOR ASSAULT,2025-08-04T15:52:29,15,0,200000,MOCK_NYPD_V1
MOCK-000573,61,BROOKLYN,MISDEMEANOR,MISDEMEANOR ASSAULT,2025-08-05T04:26:49,4,1,200000,MOCK_NYPD_V1
MOCK-000574,61,BROOKLYN,FELONY,FELONY ASSAULT,2025-08-06T15:29:42,15,0,200000,MOCK_NYPD_V1
MOCK-000575,61,BROOKLYN,MISDEMEANOR,MISDEMEANOR ASSAULT,2025-08-07T11:48:38,11,0,200000,MOCK_NYPD_V1
MOCK-000576,61,BROOKLYN,MISDEMEANOR,CRIMINAL MISCHIEF,2025-08-08T01:35:22,1,1,200000,MOCK_NYPD_V1
MOCK-000577,61,BROOKLYN,FELONY,FELONY ASSAULT,2025-08-09T19:57:26,19,0,200000,MOCK_NYPD_V1
MOCK-000578,61,BROOKLYN,FELONY,BURGLARY,2025-08-10T19:47:39,19,0,200000,MOCK_NYPD_V1
MOCK-000579,61,BROOKLYN,MISDEMEANOR,MISDEMEANOR ASSAULT,2025-08-11T06:16:35,6,0,200000,MOCK_NYPD_V1
MOCK-000580,61,BROOKLYN,FELONY,FELONY ASSAULT,2025-08-11T07:17:06,7,0,200000,MOCK_NYPD_V1
MOCK-000581,61,BROOKLYN,FELONY,ROBBERY,2025-08-11T11:07:51,11,0,200000,MOCK_NYPD_V1
MOCK-000582,61,BROOKLYN,FELONY,FELONY ASSAULT,2025-08-12T13:49:19,13,0,200000,MOCK_NYPD_V1
MOCK-000583,61,BROOKLYN,FELONY,BURGLARY,2025-08-13T15:23:43,15,0,200000,MOCK_NYPD_V1
MOCK-000584,61,BROOKLYN,FELONY,ROBBERY,2025-08-14T05:34:21,5,1,200000,MOCK_NYPD_V1
MOCK-000585,61,BROOKLYN,MISDEMEANOR,MISDEMEANOR ASSAULT,2025-08-14T10:04:47,10,0,200000,MOCK_NYPD_V1
MOCK-000586,61,BROOKLYN,MISDEMEANOR,CRIMINAL MISCHIEF,2025-08-15T07:23:40,7,0,200000,MOCK_NYPD_V1
MOCK-000587,61,BROOKLYN,MISDEMEANOR,PETIT LARCENY,2025-08-15T11:47:02,11,0,200000,MOCK_NYPD_V1
MOCK-000588,61,BROOKLYN,FELONY,GRAND LARCENY,2025-08-17T07:38:09,7,0,200000,MOCK_NYPD_V1
MOCK-000589,61,BROOKLYN,MISDEMEANOR,HARRASSMENT 2,2025-08-17T11:16:04,11,0,200000,MOCK_NYPD_V1
MOCK-000590,61,BROOKLYN,MISDEMEANOR,MISDEMEANOR ASSAULT,2025-08-18T21:45:21,21,1,200000,MOCK_NYPD_V1
MOCK-000591,61,BROOKLYN,FELONY,FELONY ASSAULT,2025-08-19T09:32:46,9,0,200000,MOCK_NYPD_V1
MOCK-000592,61,BROOKLYN,MISDEMEANOR,MISDEMEANOR ASSAULT,2025-08-19T10:27:17,10,0,200000,MOCK_NYPD_V1
MOCK-000593,61,BROOKLYN,MISDEMEANOR,CRIMINAL MISCHIEF,2025-08-19T16:30:22,16,0,200000,MOCK_NYPD_V1
MOCK-000594,61,BROOKLYN,MISDEMEANOR,PETIT LARCENY,2025-08-21T19:06:21,19,0,200000,MOCK_NYPD_V1
MOCK-000595,61,BROOKLYN,FELONY,ROBBERY,2025-08-22T22:16:45,22,1,200000,MOCK_NYPD_V1
MOCK-000596,61,BROOKLYN,MISDEMEANOR,MISDEMEANOR ASSAULT,2025-08-24T03:35:05,3,1,200000,MOCK_NYPD_V1
MOCK-000597,61,BROOKLYN,MISDEMEANOR,MISDEMEANOR ASSAULT,2025-08-25T13:09:21,13,0,200000,MOCK_NYPD_V1
MOCK-000598,61,BROOKLYN,FELONY,FELONY ASSAULT,2025-08-28T12:55:15,12,0,200000,MOCK_NYPD_V1
MOCK-000599,61,BROOKLYN,FELONY,ROBBERY,2025-08-28T22:48:20,22,1,200000,MOCK_NYPD_V1
MOCK-000600,61,BROOKLYN,MISDEMEANOR,PETIT LARCENY,2025-08-29T18:46:08,18,0,200000,MOCK_NYPD_V1
MOCK-000601,61,BROOKLYN,FELONY,BURGLARY,2025-08-30T01:25:01,1,1,200000,MOCK_NYPD_V1
MOCK-000602,61,BROOKLYN,MISDEMEANOR,HARRASSMENT 2,2025-08-31T06:08:05,6,0,200000,MOCK_NYPD_V1
MOCK-000603,61,BROOKLYN,MISDEMEANOR,CRIMINAL MISCHIEF,2025-08-31T23:45:53,23,1,200000,MOCK_NYPD_V1
MOCK-000604,61,BROOKLYN,MISDEMEANOR,HARRASSMENT 2,2025-09-01T02:49:29,2,1,200000,MOCK_NYPD_V1
MOCK-000605,61,BROOKLYN,MISDEMEANOR,PETIT LARCENY,2025-09-02T07:31:04,7,0,200000,MOCK_NYPD_V1
MOCK-000606,61,BROOKLYN,MISDEMEANOR,CRIMINAL MISCHIEF,2025-09-02T21:05:26,21,1,200000,MOCK_NYPD_V1
MOCK-000607,61,BROOKLYN,FELONY,BURGLARY,2025-09-04T04:33:55,4,1,200000,MOCK_NYPD_V1
MOCK-000608,61,BROOKLYN,FELONY,BURGLARY,2025-09-04T20:17:19,20,1,200000,MOCK_NYPD_V1
MOCK-000609,61,BROOKLYN,MISDEMEANOR,CRIMINAL MISCHIEF,2025-09-04T23:08:23,23,1,200000,MOCK_NYPD_V1
MOCK-000610,61,BROOKLYN,MISDEMEANOR,CRIMINAL MISCHIEF,2025-09-07T15:16:59,15,0,200000,MOCK_NYPD_V1
MOCK-000611,61,BROOKLYN,FELONY,BURGLARY,2025-09-08T05:09:13,5,1,200000,MOCK_NYPD_V1
MOCK-000612,61,BROOKLYN,MISDEMEANOR,PETIT LARCENY,2025-09-08T08:30:31,8,0,200000,MOCK_NYPD_V1
MOCK-000613,61,BROOKLYN,MISDEMEANOR,CRIMINAL MISCHIEF,2025-09-08T11:37:40,11,0,200000,MOCK_NYPD_V1
MOCK-000614,61,BROOKLYN,MISDEMEANOR,HARRASSMENT 2,2025-09-08T22:52:45,22,1,200000,MOCK_NYPD_V1
MOCK-000615,61,BROOKLYN,MISDEMEANOR,CRIMINAL MISCHIEF,2025-09-09T20:32:37,20,1,200000,MOCK_NYPD_V1
MOCK-000616,61,BROOKLYN,MISDEMEANOR,PETIT LARCENY,2025-09-11T05:10:26,5,1,200000,MOCK_NYPD_V1
MOCK-000617,61,BROOKLYN,FELONY,FELONY ASSAULT,2025-09-12T22:36:19,22,1,200000,MOCK_NYPD_V1
MOCK-000618,61,BROOKLYN,FELONY,ROBBERY,2025-09-14T00:22:25,0,1,200000,MOCK_NYPD_V1
MOCK-000619,61,BROOKLYN,MISDEMEANOR,PETIT LARCENY,2025-09-14T00:43:24,0,1,200000,MOCK_NYPD_V1
MOCK-000620,61,BROOKLYN,FELONY,BURGLARY,2025-09-14T10:40:05,10,0,200000,MOCK_NYPD_V1
MOCK-000621,61,BROOKLYN,MISDEMEANOR,HARRASSMENT 2,2025-09-14T18:16:33,18,0,200000,MOCK_NYPD_V1
MOCK-000622,61,BROOKLYN,FELONY,FELONY ASSAULT,2025-09-15T05:26:24,5,1,200000,MOCK_NYPD_V1
MOCK-000623,61,BROOKLYN,MISDEMEANOR,HARRASSMENT 2,2025-09-15T08:10:20,8,0,200000,MOCK_NYPD_V1
MOCK-000624,61,BROOKLYN,MISDEMEANOR,HARRASSMENT 2,2025-09-16T20:17:40,20,1,200000,MOCK_NYPD_V1
MOCK-000625,61,BROOKLYN,MISDEMEANOR,MISDEMEANOR ASSAULT,2025-09-17T23:33:21,23,1,200000,MOCK_NYPD_V1
MOCK-000626,61,BROOKLYN,FELONY,BURGLARY,2025-09-18T01:55:14,1,1,200000,MOCK_NYPD_V1
MOCK-000627,61,BROOKLYN,MISDEMEANOR,PETIT LARCENY,2025-09-20T22:13:21,22,1,200000,MOCK_NYPD_V1
MOCK-000628,61,BROOKLYN,FELONY,BURGLARY,2025-09-21T00:20:20,0,1,200000,MOCK_NYPD_V1
MOCK-000629,61,BROOKLYN,FELONY,FELONY ASSAULT,2025-09-22T13:12:47,13,0,200000,MOCK_NYPD_V1
MOCK-000630,61,BROOKLYN,MISDEMEANOR,MISDEMEANOR ASSAULT,2025-09-23T04:25:18,4,1,200000,MOCK_NYPD_V1
MOCK-000631,61,BROOKLYN,FELONY,GRAND LARCENY,2025-09-25T23:14:38,23,1,200000,MOCK_NYPD_V1
MOCK-000632,61,BROOKLYN,FELONY,BURGLARY,2025-09-27T00:59:27,0,1,200000,MOCK_NYPD_V1
MOCK-000633,61,BROOKLYN,MISDEMEANOR,HARRASSMENT 2,2025-09-27T05:10:16,5,1,200000,MOCK_NYPD_V1
MOCK-000634,61,BROOKLYN,MISDEMEANOR,HARRASSMENT 2,2025-09-30T02:25:35,2,1,200000,MOCK_NYPD_V1
MOCK-000635,61,BROOKLYN,FELONY,FELONY ASSAULT,2025-09-30T20:54:26,20,1,200000,MOCK_NYPD_V1
MOCK-000636,61,BROOKLYN,FELONY,ROBBERY,2025-10-02T23:18:32,23,1,200000,MOCK_NYPD_V1
MOCK-000637,61,BROOKLYN,MISDEMEANOR,HARRASSMENT 2,2025-10-05T02:49:32,2,1,200000,MOCK_NYPD_V1
MOCK-000638,61,BROOKLYN,FELONY,GRAND LARCENY,2025-10-05T15:45:26,15,0,200000,MOCK_NYPD_V1
MOCK-000639,61,BROOKLYN,FELONY,ROBBERY,2025-10-05T20:27:01,20,1,200000,MOCK_NYPD_V1
MOCK-000640,61,BROOKLYN,MISDEMEANOR,MISDEMEANOR ASSAULT,2025-10-05T23:00:30,23,1,200000,MOCK_NYPD_V1
MOCK-000641,61,BROOKLYN,MISDEMEANOR,HARRASSMENT 2,2025-10-07T13:39:40,13,0,200000,MOCK_NYPD_V1
MOCK-000642,61,BROOKLYN,MISDEMEANOR,MISDEMEANOR ASSAULT,2025-10-09T15:14:49,15,0,200000,MOCK_NYPD_V1
MOCK-000643,61,BROOKLYN,FELONY,ROBBERY,2025-10-10T10:42:34,10,0,200000,MOCK_NYPD_V1
MOCK-000644,61,BROOKLYN,MISDEMEANOR,MISDEMEANOR ASSAULT,2025-10-10T18:35:20,18,0,200000,MOCK_NYPD_V1
MOCK-000645,61,BROOKLYN,FELONY,GRAND LARCENY,2025-10-11T15:36:15,15,0,200000,MOCK_NYPD_V1
MOCK-000646,61,BROOKLYN,FELONY,GRAND LARCENY,2025-10-12T05:18:24,5,1,200000,MOCK_NYPD_V1
MOCK-000647,61,BROOKLYN,FELONY,GRAND LARCENY,2025-10-12T22:38:07,22,1,200000,MOCK_NYPD_V1
MOCK-000648,61,BROOKLYN,MISDEMEANOR,PETIT LARCENY,2025-10-13T04:16:14,4,1,200000,MOCK_NYPD_V1
MOCK-000649,61,BROOKLYN,MISDEMEANOR,CRIMINAL MISCHIEF,2025-10-13T07:48:25,7,0,200000,MOCK_NYPD_V1
MOCK-000650,61,BROOKLYN,FELONY,BURGLARY,2025-10-16T06:12:01,6,0,200000,MOCK_NYPD_V1
MOCK-000651,61,BROOKLYN,MISDEMEANOR,HARRASSMENT 2,2025-10-16T16:20:24,16,0,200000,MOCK_NYPD_V1
MOCK-000652,61,BROOKLYN,MISDEMEANOR,MISDEMEANOR ASSAULT,2025-10-17T10:35:40,10,0,200000,MOCK_NYPD_V1
MOCK-000653,61,BROOKLYN,FELONY,FELONY ASSAULT,2025-10-17T21:20:24,21,1,200000,MOCK_NYPD_V1
MOCK-000654,61,BROOKLYN,MISDEMEANOR,PETIT LARCENY,2025-10-20T09:23:53,9,0,200000,MOCK_NYPD_V1
MOCK-000655,61,BROOKLYN,MISDEMEANOR,MISDEMEANOR ASSAULT,2025-10-21T13:13:19,13,0,200000,MOCK_NYPD_V1
MOCK-000656,61,BROOKLYN,MISDEMEANOR,HARRASSMENT 2,2025-10-22T08:23:07,8,0,200000,MOCK_NYPD_V1
MOCK-000657,61,BROOKLYN,MISDEMEANOR,MISDEMEANOR ASSAULT,2025-10-22T16:42:36,16,0,200000,MOCK_NYPD_V1
MOCK-000658,61,BROOKLYN,MISDEMEANOR,MISDEMEANOR ASSAULT,2025-10-22T19:51:52,19,0,200000,MOCK_NYPD_V1
MOCK-000659,61,BROOKLYN,MISDEMEANOR,CRIMINAL MISCHIEF,2025-10-23T03:45:39,3,1,200000,MOCK_NYPD_V1
MOCK-000660,61,BROOKLYN,FELONY,BURGLARY,2025-10-23T22:25:14,22,1,200000,MOCK_NYPD_V1
MOCK-000661,61,BROOKLYN,MISDEMEANOR,PETIT LARCENY,2025-10-25T01:07:20,1,1,200000,MOCK_NYPD_V1
MOCK-000662,61,BROOKLYN,FELONY,GRAND LARCENY,2025-10-25T13:29:20,13,0,200000,MOCK_NYPD_V1
MOCK-000663,61,BROOKLYN,MISDEMEANOR,MISDEMEANOR ASSAULT,2025-10-26T14:28:35,14,0,200000,MOCK_NYPD_V1
MOCK-000664,61,BROOKLYN,MISDEMEANOR,CRIMINAL MISCHIEF,2025-10-27T13:10:44,13,0,200000,MOCK_NYPD_V1
MOCK-000665,61,BROOKLYN,MISDEMEANOR,CRIMINAL MISCHIEF,2025-10-28T12:24:09,12,0,200000,MOCK_NYPD_V1
MOCK-000666,61,BROOKLYN,MISDEMEANOR,HARRASSMENT 2,2025-10-29T18:51:09,18,0,200000,MOCK_NYPD_V1
MOCK-000667,61,BROOKLYN,MISDEMEANOR,PETIT LARCENY,2025-10-30T22:35:54,22,1,200000,MOCK_NYPD_V1
MOCK-000668,61,BROOKLYN,FELONY,FELONY ASSAULT,2025-10-31T10:49:30,10,0,200000,MOCK_NYPD_V1
MOCK-000669,61,BROOKLYN,MISDEMEANOR,PETIT LARCENY,2025-11-04T18:40:05,18,0,200000,MOCK_NYPD_V1
MOCK-000670,61,BROOKLYN,FELONY,ROBBERY,2025-11-05T07:33:49,7,0,200000,MOCK_NYPD_V1
MOCK-000671,61,BROOKLYN,MISDEMEANOR,MISDEMEANOR ASSAULT,2025-11-06T20:59:26,20,1,200000,MOCK_NYPD_V1
MOCK-000672,61,BROOKLYN,FELONY,ROBBERY,2025-11-07T14:03:37,14,0,200000,MOCK_NYPD_V1
MOCK-000673,61,BROOKLYN,FELONY,GRAND LARCENY,2025-11-08T18:31:26,18,0,200000,MOCK_NYPD_V1
MOCK-000674,61,BROOKLYN,MISDEMEANOR,MISDEMEANOR ASSAULT,2025-11-08T22:10:26,22,1,200000,MOCK_NYPD_V1
MOCK-000675,61,BROOKLYN,MISDEMEANOR,CRIMINAL MISCHIEF,2025-11-09T02:08:11,2,1,200000,MOCK_NYPD_V1
MOCK-000676,61,BROOKLYN,MISDEMEANOR,CRIMINAL MISCHIEF,2025-11-13T04:38:55,4,1,200000,MOCK_NYPD_V1
MOCK-000677,61,BROOKLYN,FELONY,BURGLARY,2025-11-14T08:19:25,8,0,200000,MOCK_NYPD_V1
MOCK-000678,61,BROOKLYN,MISDEMEANOR,PETIT LARCENY,2025-11-14T19:08:33,19,0,200000,MOCK_NYPD_V1
MOCK-000679,61,BROOKLYN,FELONY,GRAND LARCENY,2025-11-15T04:01:53,4,1,200000,MOCK_NYPD_V1
MOCK-000680,61,BROOKLYN,FELONY,BURGLARY,2025-11-15T07:49:33,7,0,200000,MOCK_NYPD_V1
MOCK-000681,61,BROOKLYN,MISDEMEANOR,CRIMINAL MISCHIEF,2025-11-16T09:03:01,9,0,200000,MOCK_NYPD_V1
MOCK-000682,61,BROOKLYN,FELONY,FELONY ASSAULT,2025-11-16T10:34:46,10,0,200000,MOCK_NYPD_V1
MOCK-000683,61,BROOKLYN,MISDEMEANOR,PETIT LARCENY,2025-11-16T16:52:21,16,0,200000,MOCK_NYPD_V1
MOCK-000684,61,BROOKLYN,FELONY,FELONY ASSAULT,2025-11-17T12:44:24,12,0,200000,MOCK_NYPD_V1
MOCK-000685,61,BROOKLYN,MISDEMEANOR,CRIMINAL MISCHIEF,2025-11-17T21:23:30,21,1,200000,MOCK_NYPD_V1
MOCK-000686,61,BROOKLYN,FELONY,GRAND LARCENY,2025-11-21T20:43:43,20,1,200000,MOCK_NYPD_V1
MOCK-000687,61,BROOKLYN,MISDEMEANOR,CRIMINAL MISCHIEF,2025-11-21T21:14:45,21,1,200000,MOCK_NYPD_V1
MOCK-000688,61,BROOKLYN,MISDEMEANOR,HARRASSMENT 2,2025-11-23T20:18:14,20,1,200000,MOCK_NYPD_V1
MOCK-000689,61,BROOKLYN,FELONY,BURGLARY,2025-11-24T01:26:18,1,1,200000,MOCK_NYPD_V1
MOCK-000690,61,BROOKLYN,FELONY,GRAND LARCENY,2025-11-24T06:18:07,6,0,200000,MOCK_NYPD_V1
MOCK-000691,61,BROOKLYN,MISDEMEANOR,HARRASSMENT 2,2025-11-24T08:00:01,8,0,200000,MOCK_NYPD_V1
MOCK-000692,61,BROOKLYN,MISDEMEANOR,PETIT LARCENY,2025-11-24T11:35:49,11,0,200000,MOCK_NYPD_V1
MOCK-000693,61,BROOKLYN,FELONY,GRAND LARCENY,2025-11-25T09:20:29,9,0,200000,MOCK_NYPD_V1
MOCK-000694,61,BROOKLYN,MISDEMEANOR,MISDEMEANOR ASSAULT,2025-11-27T14:50:39,14,0,200000,MOCK_NYPD_V1
MOCK-000695,61,BROOKLYN,MISDEMEANOR,HARRASSMENT 2,2025-11-29T22:13:04,22,1,200000,MOCK_NYPD_V1
MOCK-000696,61,BROOKLYN,FELONY,ROBBERY,2025-11-30T22:24:21,22,1,200000,MOCK_NYPD_V1
MOCK-000697,61,BROOKLYN,FELONY,BURGLARY,2025-11-30T22:58:53,22,1,200000,MOCK_NYPD_V1
MOCK-000698,61,BROOKLYN,FELONY,FELONY ASSAULT,2025-12-01T10:35:18,10,0,200000,MOCK_NYPD_V1
MOCK-000699,61,BROOKLYN,FELONY,FELONY ASSAULT,2025-12-01T20:16:22,20,1,200000,MOCK_NYPD_V1
MOCK-000700,61,BROOKLYN,FELONY,FELONY ASSAULT,2025-12-02T01:25:04,1,1,200000,MOCK_NYPD_V1
MOCK-000701,61,BROOKLYN,MISDEMEANOR,HARRASSMENT 2,2025-12-03T11:15:04,11,0,200000,MOCK_NYPD_V1
MOCK-000702,61,BROOKLYN,FELONY,BURGLARY,2025-12-04T07:37:39,7,0,200000,MOCK_NYPD_V1
MOCK-000703,61,BROOKLYN,MISDEMEANOR,MISDEMEANOR ASSAULT,2025-12-06T10:17:32,10,0,200000,MOCK_NYPD_V1
MOCK-000704,61,BROOKLYN,MISDEMEANOR,CRIMINAL MISCHIEF,2025-12-06T15:09:46,15,0,200000,MOCK_NYPD_V1
MOCK-000705,61,BROOKLYN,MISDEMEANOR,PETIT LARCENY,2025-12-06T21:38:16,21,1,200000,MOCK_NYPD_V1
MOCK-000706,61,BROOKLYN,FELONY,ROBBERY,2025-12-07T04:48:43,4,1,200000,MOCK_NYPD_V1
MOCK-000707,61,BROOKLYN,FELONY,ROBBERY,2025-12-07T21:21:01,21,1,200000,MOCK_NYPD_V1
MOCK-000708,61,BROOKLYN,MISDEMEANOR,CRIMINAL MISCHIEF,2025-12-07T23:28:40,23,1,200000,MOCK_NYPD_V1
MOCK-000709,61,BROOKLYN,MISDEMEANOR,MISDEMEANOR ASSAULT,2025-12-09T06:28:06,6,0,200000,MOCK_NYPD_V1
MOCK-000710,61,BROOKLYN,FELONY,FELONY ASSAULT,2025-12-09T22:33:03,22,1,200000,MOCK_NYPD_V1
MOCK-000711,61,BROOKLYN,FELONY,BURGLARY,2025-12-10T13:31:46,13,0,200000,MOCK_NYPD_V1
MOCK-000712,61,BROOKLYN,MISDEMEANOR,HARRASSMENT 2,2025-12-11T01:14:50,1,1,200000,MOCK_NYPD_V1
MOCK-000713,61,BROOKLYN,MISDEMEANOR,MISDEMEANOR ASSAULT,2025-12-11T15:40:38,15,0,200000,MOCK_NYPD_V1
MOCK-000714,61,BROOKLYN,MISDEMEANOR,MISDEMEANOR ASSAULT,2025-12-12T07:39:59,7,0,200000,MOCK_NYPD_V1
MOCK-000715,61,BROOKLYN,FELONY,GRAND LARCENY,2025-12-12T12:22:05,12,0,200000,MOCK_NYPD_V1
MOCK-000716,61,BROOKLYN,MISDEMEANOR,MISDEMEANOR ASSAULT,2025-12-12T14:28:50,14,0,200000,MOCK_NYPD_V1
MOCK-000717,61,BROOKLYN,MISDEMEANOR,HARRASSMENT 2,2025-12-13T16:21:58,16,0,200000,MOCK_NYPD_V1
MOCK-000718,61,BROOKLYN,MISDEMEANOR,CRIMINAL MISCHIEF,2025-12-14T06:49:19,6,0,200000,MOCK_NYPD_V1
MOCK-000719,61,BROOKLYN,MISDEMEANOR,MISDEMEANOR ASSAULT,2025-12-14T08:46:51,8,0,200000,MOCK_NYPD_V1
MOCK-000720,61,BROOKLYN,MISDEMEANOR,CRIMINAL MISCHIEF,2025-12-14T16:08:04,16,0,200000,MOCK_NYPD_V1
MOCK-000721,61,BROOKLYN,FELONY,FELONY ASSAULT,2025-12-14T23:49:33,23,1,200000,MOCK_NYPD_V1
MOCK-000722,61,BROOKLYN,FELONY,FELONY ASSAULT,2025-12-15T13:22:28,13,0,200000,MOCK_NYPD_V1
MOCK-000723,61,BROOKLYN,MISDEMEANOR,HARRASSMENT 2,2025-12-17T20:20:39,20,1,200000,MOCK_NYPD_V1
MOCK-000724,61,BROOKLYN,MISDEMEANOR,PETIT LARCENY,2025-12-20T17:11:33,17,0,200000,MOCK_NYPD_V1
MOCK-000725,61,BROOKLYN,FELONY,BURGLARY,2025-12-21T04:13:48,4,1,200000,MOCK_NYPD_V1
MOCK-000726,61,BROOKLYN,MISDEMEANOR,MISDEMEANOR ASSAULT,2025-12-21T11:40:37,11,0,200000,MOCK_NYPD_V1
MOCK-000727,61,BROOKLYN,FELONY,ROBBERY,2025-12-22T03:18:17,3,1,200000,MOCK_NYPD_V1
MOCK-000728,61,BROOKLYN,FELONY,FELONY ASSAULT,2025-12-22T07:01:21,7,0,200000,MOCK_NYPD_V1
MOCK-000729,61,BROOKLYN,MISDEMEANOR,CRIMINAL MISCHIEF,2025-12-22T20:31:31,20,1,200000,MOCK_NYPD_V1
MOCK-000730,61,BROOKLYN,FELONY,ROBBERY,2025-12-23T09:37:18,9,0,200000,MOCK_NYPD_V1
MOCK-000731,61,BROOKLYN,MISDEMEANOR,CRIMINAL MISCHIEF,2025-12-23T22:18:50,22,1,200000,MOCK_NYPD_V1
MOCK-000732,61,BROOKLYN,MISDEMEANOR,HARRASSMENT 2,2025-12-24T15:31:22,15,0,200000,MOCK_NYPD_V1
MOCK-000733,61,BROOKLYN,FELONY,BURGLARY,2025-12-25T03:11:52,3,1,200000,MOCK_NYPD_V1
MOCK-000734,61,BROOKLYN,FELONY,BURGLARY,2025-12-25T13:24:34,13,0,200000,MOCK_NYPD_V1
MOCK-000735,61,BROOKLYN,MISDEMEANOR,MISDEMEANOR ASSAULT,2025-12-25T22:13:45,22,1,200000,MOCK_NYPD_V1
MOCK-000736,61,BROOKLYN,MISDEMEANOR,PETIT LARCENY,2025-12-26T14:57:40,14,0,200000,MOCK_NYPD_V1
MOCK-000737,61,BROOKLYN,MISDEMEANOR,MISDEMEANOR ASSAULT,2025-12-27T06:51:12,6,0,200000,MOCK_NYPD_V1
MOCK-000738,61,BROOKLYN,FELONY,BURGLARY,2025-12-31T17:12:07,17,0,200000,MOCK_NYPD_V1
MOCK-000739,61,BROOKLYN,MISDEMEANOR,MISDEMEANOR ASSAULT,2026-01-01T00:47:47,0,1,200000,MOCK_NYPD_V1
MOCK-000740,61,BROOKLYN,MISDEMEANOR,MISDEMEANOR ASSAULT,2026-01-01T08:26:35,8,0,200000,MOCK_NYPD_V1
MOCK-000741,61,BROOKLYN,MISDEMEANOR,CRIMINAL MISCHIEF,2026-01-01T13:02:29,13,0,200000,MOCK_NYPD_V1
MOCK-000742,61,BROOKLYN,FELONY,GRAND LARCENY,2026-01-03T00:23:54,0,1,200000,MOCK_NYPD_V1
MOCK-000743,61,BROOKLYN,MISDEMEANOR,MISDEMEANOR ASSAULT,2026-01-03T09:19:57,9,0,200000,MOCK_NYPD_V1
MOCK-000744,61,BROOKLYN,FELONY,ROBBERY,2026-01-04T03:15:12,3,1,200000,MOCK_NYPD_V1
MOCK-000745,61,BROOKLYN,MISDEMEANOR,PETIT LARCENY,2026-01-04T04:06:31,4,1,200000,MOCK_NYPD_V1
MOCK-000746,61,BROOKLYN,MISDEMEANOR,CRIMINAL MISCHIEF,2026-01-04T07:37:47,7,0,200000,MOCK_NYPD_V1
MOCK-000747,61,BROOKLYN,FELONY,BURGLARY,2026-01-04T15:07:02,15,0,200000,MOCK_NYPD_V1
MOCK-000748,61,BROOKLYN,MISDEMEANOR,MISDEMEANOR ASSAULT,2026-01-05T14:20:20,14,0,200000,MOCK_NYPD_V1
MOCK-000749,61,BROOKLYN,MISDEMEANOR,CRIMINAL MISCHIEF,2026-01-05T15:10:41,15,0,200000,MOCK_NYPD_V1
MOCK-000750,61,BROOKLYN,FELONY,GRAND LARCENY,2026-01-07T13:39:29,13,0,200000,MOCK_NYPD_V1
MOCK-000751,61,BROOKLYN,MISDEMEANOR,CRIMINAL MISCHIEF,2026-01-07T13:59:21,13,0,200000,MOCK_NYPD_V1
MOCK-000752,61,BROOKLYN,MISDEMEANOR,MISDEMEANOR ASSAULT,2026-01-08T09:46:38,9,0,200000,MOCK_NYPD_V1
MOCK-000753,61,BROOKLYN,MISDEMEANOR,PETIT LARCENY,2026-01-08T17:08:07,17,0,200000,MOCK_NYPD_V1
MOCK-000754,61,BROOKLYN,MISDEMEANOR,PETIT LARCENY,2026-01-09T02:34:08,2,1,200000,MOCK_NYPD_V1
MOCK-000755,61,BROOKLYN,MISDEMEANOR,PETIT LARCENY,2026-01-09T03:49:18,3,1,200000,MOCK_NYPD_V1
MOCK-000756,61,BROOKLYN,FELONY,GRAND LARCENY,2026-01-10T01:14:58,1,1,200000,MOCK_NYPD_V1
MOCK-000757,61,BROOKLYN,MISDEMEANOR,HARRASSMENT 2,2026-01-10T05:35:14,5,1,200000,MOCK_NYPD_V1
MOCK-000758,61,BROOKLYN,FELONY,ROBBERY,2026-01-10T09:16:14,9,0,200000,MOCK_NYPD_V1
MOCK-000759,61,BROOKLYN,MISDEMEANOR,PETIT LARCENY,2026-01-10T10:55:40,10,0,200000,MOCK_NYPD_V1
MOCK-000760,61,BROOKLYN,MISDEMEANOR,HARRASSMENT 2,2026-01-10T17:23:31,17,0,200000,MOCK_NYPD_V1
MOCK-000761,61,BROOKLYN,MISDEMEANOR,HARRASSMENT 2,2026-01-11T03:28:04,3,1,200000,MOCK_NYPD_V1
MOCK-000762,61,BROOKLYN,MISDEMEANOR,CRIMINAL MISCHIEF,2026-01-11T20:53:18,20,1,200000,MOCK_NYPD_V1
MOCK-000763,61,BROOKLYN,FELONY,GRAND LARCENY,2026-01-12T12:31:48,12,0,200000,MOCK_NYPD_V1
MOCK-000764,61,BROOKLYN,MISDEMEANOR,HARRASSMENT 2,2026-01-12T16:51:33,16,0,200000,MOCK_NYPD_V1
MOCK-000765,61,BROOKLYN,MISDEMEANOR,CRIMINAL MISCHIEF,2026-01-13T03:53:35,3,1,200000,MOCK_NYPD_V1
MOCK-000766,61,BROOKLYN,MISDEMEANOR,HARRASSMENT 2,2026-01-14T21:10:30,21,1,200000,MOCK_NYPD_V1
MOCK-000767,61,BROOKLYN,MISDEMEANOR,PETIT LARCENY,2026-01-15T06:51:17,6,0,200000,MOCK_NYPD_V1
MOCK-000768,61,BROOKLYN,FELONY,FELONY ASSAULT,2026-01-15T21:58:08,21,1,200000,MOCK_NYPD_V1
MOCK-000769,61,BROOKLYN,FELONY,GRAND LARCENY,2026-01-18T08:05:59,8,0,200000,MOCK_NYPD_V1
MOCK-000770,61,BROOKLYN,MISDEMEANOR,CRIMINAL MISCHIEF,2026-01-18T12:50:24,12,0,200000,MOCK_NYPD_V1
MOCK-000771,61,BROOKLYN,FELONY,GRAND LARCENY,2026-01-19T05:58:50,5,1,200000,MOCK_NYPD_V1
MOCK-000772,61,BROOKLYN,FELONY,GRAND LARCENY,2026-01-19T09:19:12,9,0,200000,MOCK_NYPD_V1
MOCK-000773,61,BROOKLYN,MISDEMEANOR,CRIMINAL MISCHIEF,2026-01-19T15:16:24,15,0,200000,MOCK_NYPD_V1
MOCK-000774,61,BROOKLYN,MISDEMEANOR,MISDEMEANOR ASSAULT,2026-01-19T19:01:07,19,0,200000,MOCK_NYPD_V1
MOCK-000775,61,BROOKLYN,MISDEMEANOR,HARRASSMENT 2,2026-01-21T09:28:16,9,0,200000,MOCK_NYPD_V1
MOCK-000776,61,BROOKLYN,MISDEMEANOR,HARRASSMENT 2,2026-01-21T12:40:14,12,0,200000,MOCK_NYPD_V1
MOCK-000777,61,BROOKLYN,FELONY,FELONY ASSAULT,2026-01-23T07:30:47,7,0,200000,MOCK_NYPD_V1
MOCK-000778,61,BROOKLYN,FELONY,GRAND LARCENY,2026-01-23T12:44:48,12,0,200000,MOCK_NYPD_V1
MOCK-000779,61,BROOKLYN,MISDEMEANOR,CRIMINAL MISCHIEF,2026-01-24T08:53:44,8,0,200000,MOCK_NYPD_V1
MOCK-000780,61,BROOKLYN,FELONY,FELONY ASSAULT,2026-01-24T23:46:29,23,1,200000,MOCK_NYPD_V1
MOCK-000781,61,BROOKLYN,MISDEMEANOR,HARRASSMENT 2,2026-01-25T15:23:47,15,0,200000,MOCK_NYPD_V1
MOCK-000782,61,BROOKLYN,FELONY,BURGLARY,2026-01-27T00:21:45,0,1,200000,MOCK_NYPD_V1
MOCK-000783,61,BROOKLYN,MISDEMEANOR,CRIMINAL MISCHIEF,2026-01-27T09:44:02,9,0,200000,MOCK_NYPD_V1
MOCK-000784,61,BROOKLYN,MISDEMEANOR,MISDEMEANOR ASSAULT,2026-01-27T10:01:36,10,0,200000,MOCK_NYPD_V1
MOCK-000785,61,BROOKLYN,MISDEMEANOR,PETIT LARCENY,2026-01-27T18:53:56,18,0,200000,MOCK_NYPD_V1
MOCK-000786,61,BROOKLYN,MISDEMEANOR,MISDEMEANOR ASSAULT,2026-01-29T01:07:19,1,1,200000,MOCK_NYPD_V1
MOCK-000787,61,BROOKLYN,FELONY,FELONY ASSAULT,2026-01-29T17:54:35,17,0,200000,MOCK_NYPD_V1
MOCK-000788,61,BROOKLYN,MISDEMEANOR,CRIMINAL MISCHIEF,2026-01-31T11:19:43,11,0,200000,MOCK_NYPD_V1
MOCK-000789,61,BROOKLYN,FELONY,BURGLARY,2026-01-31T17:48:20,17,0,200000,MOCK_NYPD_V1
MOCK-000790,61,BROOKLYN,MISDEMEANOR,MISDEMEANOR ASSAULT,2026-01-31T21:39:54,21,1,200000,MOCK_NYPD_V1
MOCK-000791,61,BROOKLYN,MISDEMEANOR,HARRASSMENT 2,2026-02-02T20:32:38,20,1,200000,MOCK_NYPD_V1
MOCK-000792,61,BROOKLYN,FELONY,ROBBERY,2026-02-04T08:35:37,8,0,200000,MOCK_NYPD_V1
MOCK-000793,61,BROOKLYN,MISDEMEANOR,CRIMINAL MISCHIEF,2026-02-05T16:54:18,16,0,200000,MOCK_NYPD_V1
MOCK-000794,61,BROOKLYN,MISDEMEANOR,PETIT LARCENY,2026-02-06T17:36:49,17,0,200000,MOCK_NYPD_V1
MOCK-000795,61,BROOKLYN,MISDEMEANOR,HARRASSMENT 2,2026-02-06T17:49:40,17,0,200000,MOCK_NYPD_V1
MOCK-000796,61,BROOKLYN,FELONY,ROBBERY,2026-02-08T04:23:42,4,1,200000,MOCK_NYPD_V1
MOCK-000797,61,BROOKLYN,FELONY,FELONY ASSAULT,2026-02-08T19:18:57,19,0,200000,MOCK_NYPD_V1
MOCK-000798,61,BROOKLYN,MISDEMEANOR,CRIMINAL MISCHIEF,2026-02-09T19:05:55,19,0,200000,MOCK_NYPD_V1
MOCK-000799,61,BROOKLYN,FELONY,FELONY ASSAULT,2026-02-12T12:03:39,12,0,200000,MOCK_NYPD_V1
MOCK-000800,61,BROOKLYN,FELONY,GRAND LARCENY,2026-02-12T20:48:46,20,1,200000,MOCK_NYPD_V1
MOCK-000801,61,BROOKLYN,MISDEMEANOR,PETIT LARCENY,2026-02-13T01:44:28,1,1,200000,MOCK_NYPD_V1
MOCK-000802,61,BROOKLYN,FELONY,ROBBERY,2026-02-13T17:09:20,17,0,200000,MOCK_NYPD_V1
MOCK-000803,61,BROOKLYN,FELONY,GRAND LARCENY,2026-02-15T14:45:12,14,0,200000,MOCK_NYPD_V1
MOCK-000804,61,BROOKLYN,MISDEMEANOR,MISDEMEANOR ASSAULT,2026-02-15T16:01:59,16,0,200000,MOCK_NYPD_V1
MOCK-000805,61,BROOKLYN,FELONY,BURGLARY,2026-02-15T19:12:27,19,0,200000,MOCK_NYPD_V1
MOCK-000806,61,BROOKLYN,FELONY,ROBBERY,2026-02-15T21:21:13,21,1,200000,MOCK_NYPD_V1
MOCK-000807,61,BROOKLYN,MISDEMEANOR,HARRASSMENT 2,2026-02-16T01:40:29,1,1,200000,MOCK_NYPD_V1
MOCK-000808,61,BROOKLYN,MISDEMEANOR,HARRASSMENT 2,2026-02-16T02:40:06,2,1,200000,MOCK_NYPD_V1
MOCK-000809,61,BROOKLYN,MISDEMEANOR,CRIMINAL MISCHIEF,2026-02-16T03:00:36,3,1,200000,MOCK_NYPD_V1
MOCK-000810,61,BROOKLYN,FELONY,ROBBERY,2026-02-16T16:41:25,16,0,200000,MOCK_NYPD_V1
MOCK-000811,61,BROOKLYN,FELONY,FELONY ASSAULT,2026-02-17T09:28:11,9,0,200000,MOCK_NYPD_V1
MOCK-000812,61,BROOKLYN,MISDEMEANOR,MISDEMEANOR ASSAULT,2026-02-18T21:29:11,21,1,200000,MOCK_NYPD_V1
MOCK-000813,61,BROOKLYN,MISDEMEANOR,CRIMINAL MISCHIEF,2026-02-22T00:03:01,0,1,200000,MOCK_NYPD_V1
MOCK-000814,61,BROOKLYN,FELONY,BURGLARY,2026-02-22T19:49:42,19,0,200000,MOCK_NYPD_V1
MOCK-000815,61,BROOKLYN,FELONY,FELONY ASSAULT,2026-02-23T20:50:00,20,1,200000,MOCK_NYPD_V1
MOCK-000816,61,BROOKLYN,MISDEMEANOR,MISDEMEANOR ASSAULT,2026-02-27T00:11:41,0,1,200000,MOCK_NYPD_V1
MOCK-000817,61,BROOKLYN,MISDEMEANOR,PETIT LARCENY,2026-02-27T00:18:13,0,1,200000,MOCK_NYPD_V1
MOCK-000818,61,BROOKLYN,FELONY,BURGLARY,2026-02-27T05:06:46,5,1,200000,MOCK_NYPD_V1
MOCK-000819,61,BROOKLYN,MISDEMEANOR,MISDEMEANOR ASSAULT,2026-02-27T13:51:28,13,0,200000,MOCK_NYPD_V1
MOCK-000820,61,BROOKLYN,MISDEMEANOR,HARRASSMENT 2,2026-02-28T10:09:24,10,0,200000,MOCK_NYPD_V1
MOCK-000821,61,BROOKLYN,MISDEMEANOR,HARRASSMENT 2,2026-02-28T14:04:18,14,0,200000,MOCK_NYPD_V1
MOCK-000822,61,BROOKLYN,MISDEMEANOR,CRIMINAL MISCHIEF,2026-02-28T20:36:47,20,1,200000,MOCK_NYPD_V1
MOCK-000823,61,BROOKLYN,MISDEMEANOR,PETIT LARCENY,2026-03-01T01:34:57,1,1,200000,MOCK_NYPD_V1
MOCK-000824,61,BROOKLYN,FELONY,BURGLARY,2026-03-01T12:40:50,12,0,200000,MOCK_NYPD_V1
MOCK-000825,61,BROOKLYN,MISDEMEANOR,MISDEMEANOR ASSAULT,2026-03-02T04:12:44,4,1,200000,MOCK_NYPD_V1
MOCK-000826,61,BROOKLYN,FELONY,ROBBERY,2026-03-02T09:18:41,9,0,200000,MOCK_NYPD_V1
MOCK-000827,61,BROOKLYN,FELONY,BURGLARY,2026-03-02T19:53:48,19,0,200000,MOCK_NYPD_V1
MOCK-000828,61,BROOKLYN,FELONY,BURGLARY,2026-03-02T21:13:22,21,1,200000,MOCK_NYPD_V1
MOCK-000829,61,BROOKLYN,MISDEMEANOR,PETIT LARCENY,2026-03-03T16:49:19,16,0,200000,MOCK_NYPD_V1
MOCK-000830,61,BROOKLYN,MISDEMEANOR,HARRASSMENT 2,2026-03-04T01:13:09,1,1,200000,MOCK_NYPD_V1
MOCK-000831,61,BROOKLYN,MISDEMEANOR,HARRASSMENT 2,2026-03-04T03:24:16,3,1,200000,MOCK_NYPD_V1
MOCK-000832,61,BROOKLYN,FELONY,BURGLARY,2026-03-04T06:38:49,6,0,200000,MOCK_NYPD_V1
MOCK-000833,61,BROOKLYN,MISDEMEANOR,CRIMINAL MISCHIEF,2026-03-04T09:35:37,9,0,200000,MOCK_NYPD_V1
MOCK-000834,61,BROOKLYN,FELONY,ROBBERY,2026-03-04T22:01:23,22,1,200000,MOCK_NYPD_V1
MOCK-000835,61,BROOKLYN,FELONY,GRAND LARCENY,2026-03-05T09:28:11,9,0,200000,MOCK_NYPD_V1
MOCK-000836,61,BROOKLYN,MISDEMEANOR,MISDEMEANOR ASSAULT,2026-03-05T17:42:53,17,0,200000,MOCK_NYPD_V1
MOCK-000837,61,BROOKLYN,MISDEMEANOR,CRIMINAL MISCHIEF,2026-03-05T20:23:23,20,1,200000,MOCK_NYPD_V1
MOCK-000838,61,BROOKLYN,MISDEMEANOR,HARRASSMENT 2,2026-03-06T14:05:34,14,0,200000,MOCK_NYPD_V1
MOCK-000839,61,BROOKLYN,FELONY,GRAND LARCENY,2026-03-06T17:40:51,17,0,200000,MOCK_NYPD_V1
MOCK-000840,61,BROOKLYN,FELONY,FELONY ASSAULT,2026-03-06T22:39:42,22,1,200000,MOCK_NYPD_V1
MOCK-000841,61,BROOKLYN,MISDEMEANOR,MISDEMEANOR ASSAULT,2026-03-07T11:01:11,11,0,200000,MOCK_NYPD_V1
MOCK-000842,61,BROOKLYN,MISDEMEANOR,MISDEMEANOR ASSAULT,2026-03-15T05:40:12,5,1,200000,MOCK_NYPD_V1
MOCK-000843,61,BROOKLYN,FELONY,ROBBERY,2026-03-15T06:30:42,6,0,200000,MOCK_NYPD_V1
MOCK-000844,61,BROOKLYN,MISDEMEANOR,CRIMINAL MISCHIEF,2026-03-15T07:00:28,7,0,200000,MOCK_NYPD_V1
MOCK-000845,61,BROOKLYN,FELONY,BURGLARY,2026-03-16T11:25:33,11,0,200000,MOCK_NYPD_V1
MOCK-000846,61,BROOKLYN,MISDEMEANOR,CRIMINAL MISCHIEF,2026-03-16T20:24:44,20,1,200000,MOCK_NYPD_V1
MOCK-000847,61,BROOKLYN,MISDEMEANOR,MISDEMEANOR ASSAULT,2026-03-17T16:57:43,16,0,200000,MOCK_NYPD_V1
MOCK-000848,61,BROOKLYN,FELONY,GRAND LARCENY,2026-03-17T22:04:28,22,1,200000,MOCK_NYPD_V1
MOCK-000849,61,BROOKLYN,FELONY,BURGLARY,2026-03-18T11:45:37,11,0,200000,MOCK_NYPD_V1
MOCK-000850,61,BROOKLYN,FELONY,ROBBERY,2026-03-19T06:52:00,6,0,200000,MOCK_NYPD_V1
MOCK-000851,61,BROOKLYN,MISDEMEANOR,MISDEMEANOR ASSAULT,2026-03-19T19:23:15,19,0,200000,MOCK_NYPD_V1
MOCK-000852,61,BROOKLYN,MISDEMEANOR,HARRASSMENT 2,2026-03-20T22:39:57,22,1,200000,MOCK_NYPD_V1
MOCK-000853,61,BROOKLYN,MISDEMEANOR,PETIT LARCENY,2026-03-22T11:24:34,11,0,200000,MOCK_NYPD_V1
MOCK-000854,61,BROOKLYN,FELONY,BURGLARY,2026-03-22T14:22:42,14,0,200000,MOCK_NYPD_V1
MOCK-000855,61,BROOKLYN,MISDEMEANOR,PETIT LARCENY,2026-03-22T19:02:21,19,0,200000,MOCK_NYPD_V1
MOCK-000856,61,BROOKLYN,FELONY,ROBBERY,2026-03-23T17:57:43,17,0,200000,MOCK_NYPD_V1
MOCK-000857,61,BROOKLYN,FELONY,FELONY ASSAULT,2026-03-24T07:59:47,7,0,200000,MOCK_NYPD_V1
MOCK-000858,61,BROOKLYN,FELONY,GRAND LARCENY,2026-03-25T01:54:29,1,1,200000,MOCK_NYPD_V1
MOCK-000859,61,BROOKLYN,MISDEMEANOR,HARRASSMENT 2,2026-03-25T09:36:46,9,0,200000,MOCK_NYPD_V1
MOCK-000860,61,BROOKLYN,MISDEMEANOR,PETIT LARCENY,2026-03-25T12:43:33,12,0,200000,MOCK_NYPD_V1
MOCK-000861,61,BROOKLYN,MISDEMEANOR,PETIT LARCENY,2026-03-25T15:14:36,15,0,200000,MOCK_NYPD_V1
MOCK-000862,61,BROOKLYN,MISDEMEANOR,PETIT LARCENY,2026-03-25T22:31:40,22,1,200000,MOCK_NYPD_V1
MOCK-000863,61,BROOKLYN,MISDEMEANOR,CRIMINAL MISCHIEF,2026-03-26T00:46:37,0,1,200000,MOCK_NYPD_V1
MOCK-000864,61,BROOKLYN,MISDEMEANOR,MISDEMEANOR ASSAULT,2026-03-26T22:18:22,22,1,200000,MOCK_NYPD_V1
MOCK-000865,61,BROOKLYN,FELONY,BURGLARY,2026-03-27T08:17:45,8,0,200000,MOCK_NYPD_V1
MOCK-000866,61,BROOKLYN,FELONY,BURGLARY,2026-03-28T00:15:03,0,1,200000,MOCK_NYPD_V1
MOCK-000867,61,BROOKLYN,MISDEMEANOR,MISDEMEANOR ASSAULT,2026-03-28T01:51:18,1,1,200000,MOCK_NYPD_V1
MOCK-000868,61,BROOKLYN,MISDEMEANOR,MISDEMEANOR ASSAULT,2026-03-28T03:49:53,3,1,200000,MOCK_NYPD_V1
MOCK-000869,61,BROOKLYN,FELONY,GRAND LARCENY,2026-03-28T15:21:54,15,0,200000,MOCK_NYPD_V1
MOCK-000870,61,BROOKLYN,FELONY,ROBBERY,2026-03-29T04:48:20,4,1,200000,MOCK_NYPD_V1
MOCK-000871,61,BROOKLYN,MISDEMEANOR,PETIT LARCENY,2026-03-29T11:31:10,11,0,200000,MOCK_NYPD_V1
MOCK-000872,61,BROOKLYN,FELONY,GRAND LARCENY,2026-03-29T14:01:45,14,0,200000,MOCK_NYPD_V1
MOCK-000873,61,BROOKLYN,FELONY,FELONY ASSAULT,2026-03-30T02:26:10,2,1,200000,MOCK_NYPD_V1
MOCK-000874,61,BROOKLYN,MISDEMEANOR,PETIT LARCENY,2026-03-31T23:17:58,23,1,200000,MOCK_NYPD_V1
MOCK-000875,61,BROOKLYN,MISDEMEANOR,CRIMINAL MISCHIEF,2026-04-01T03:52:19,3,1,200000,MOCK_NYPD_V1
MOCK-000876,61,BROOKLYN,FELONY,ROBBERY,2026-04-02T13:47:10,13,0,200000,MOCK_NYPD_V1
MOCK-000877,61,BROOKLYN,FELONY,FELONY ASSAULT,2026-04-03T05:01:40,5,1,200000,MOCK_NYPD_V1
MOCK-000878,61,BROOKLYN,FELONY,GRAND LARCENY,2026-04-03T07:54:28,7,0,200000,MOCK_NYPD_V1
MOCK-000879,61,BROOKLYN,MISDEMEANOR,MISDEMEANOR ASSAULT,2026-04-03T16:54:24,16,0,200000,MOCK_NYPD_V1
MOCK-000880,61,BROOKLYN,MISDEMEANOR,MISDEMEANOR ASSAULT,2026-04-03T18:45:10,18,0,200000,MOCK_NYPD_V1
MOCK-000881,61,BROOKLYN,FELONY,FELONY ASSAULT,2026-04-04T16:56:33,16,0,200000,MOCK_NYPD_V1
MOCK-000882,61,BROOKLYN,FELONY,GRAND LARCENY,2026-04-05T01:06:39,1,1,200000,MOCK_NYPD_V1
MOCK-000883,61,BROOKLYN,FELONY,FELONY ASSAULT,2026-04-05T18:22:14,18,0,200000,MOCK_NYPD_V1
MOCK-000884,61,BROOKLYN,FELONY,GRAND LARCENY,2026-04-06T00:07:34,0,1,200000,MOCK_NYPD_V1
MOCK-000885,61,BROOKLYN,MISDEMEANOR,MISDEMEANOR ASSAULT,2026-04-06T14:00:18,14,0,200000,MOCK_NYPD_V1
MOCK-000886,61,BROOKLYN,FELONY,FELONY ASSAULT,2026-04-07T19:30:19,19,0,200000,MOCK_NYPD_V1
MOCK-000887,61,BROOKLYN,MISDEMEANOR,PETIT LARCENY,2026-04-07T19:49:20,19,0,200000,MOCK_NYPD_V1
MOCK-000888,61,BROOKLYN,MISDEMEANOR,MISDEMEANOR ASSAULT,2026-04-09T02:55:09,2,1,200000,MOCK_NYPD_V1
MOCK-000889,61,BROOKLYN,MISDEMEANOR,HARRASSMENT 2,2026-04-09T08:18:53,8,0,200000,MOCK_NYPD_V1
MOCK-000890,61,BROOKLYN,FELONY,GRAND LARCENY,2026-04-10T04:16:27,4,1,200000,MOCK_NYPD_V1
MOCK-000891,61,BROOKLYN,MISDEMEANOR,CRIMINAL MISCHIEF,2026-04-12T08:31:04,8,0,200000,MOCK_NYPD_V1
MOCK-000892,61,BROOKLYN,MISDEMEANOR,MISDEMEANOR ASSAULT,2026-04-13T21:37:10,21,1,200000,MOCK_NYPD_V1
MOCK-000893,61,BROOKLYN,FELONY,ROBBERY,2026-04-14T03:30:24,3,1,200000,MOCK_NYPD_V1
MOCK-000894,61,BROOKLYN,FELONY,ROBBERY,2026-04-14T05:41:41,5,1,200000,MOCK_NYPD_V1
MOCK-000895,61,BROOKLYN,MISDEMEANOR,PETIT LARCENY,2026-04-16T06:48:32,6,0,200000,MOCK_NYPD_V1
MOCK-000896,61,BROOKLYN,FELONY,BURGLARY,2026-04-17T06:21:33,6,0,200000,MOCK_NYPD_V1
MOCK-000897,61,BROOKLYN,MISDEMEANOR,MISDEMEANOR ASSAULT,2026-04-17T10:38:23,10,0,200000,MOCK_NYPD_V1
MOCK-000898,61,BROOKLYN,MISDEMEANOR,HARRASSMENT 2,2026-04-17T11:49:56,11,0,200000,MOCK_NYPD_V1
MOCK-000899,61,BROOKLYN,FELONY,FELONY ASSAULT,2026-04-17T13:45:07,13,0,200000,MOCK_NYPD_V1
MOCK-000900,61,BROOKLYN,FELONY,FELONY ASSAULT,2026-04-17T21:31:49,21,1,200000,MOCK_NYPD_V1
MOCK-000901,61,BROOKLYN,MISDEMEANOR,PETIT LARCENY,2026-04-18T16:02:20,16,0,200000,MOCK_NYPD_V1
MOCK-000902,61,BROOKLYN,FELONY,GRAND LARCENY,2026-04-18T23:43:52,23,1,200000,MOCK_NYPD_V1
MOCK-000903,61,BROOKLYN,MISDEMEANOR,HARRASSMENT 2,2026-04-19T13:03:05,13,0,200000,MOCK_NYPD_V1
MOCK-000904,61,BROOKLYN,FELONY,ROBBERY,2026-04-19T16:52:17,16,0,200000,MOCK_NYPD_V1
MOCK-000905,61,BROOKLYN,FELONY,BURGLARY,2026-04-21T03:42:30,3,1,200000,MOCK_NYPD_V1
MOCK-000906,61,BROOKLYN,MISDEMEANOR,CRIMINAL MISCHIEF,2026-04-22T12:46:54,12,0,200000,MOCK_NYPD_V1
MOCK-000907,61,BROOKLYN,MISDEMEANOR,HARRASSMENT 2,2026-04-22T13:24:44,13,0,200000,MOCK_NYPD_V1
MOCK-000908,61,BROOKLYN,FELONY,GRAND LARCENY,2026-04-26T10:16:15,10,0,200000,MOCK_NYPD_V1
MOCK-000909,61,BROOKLYN,MISDEMEANOR,HARRASSMENT 2,2026-04-26T14:29:06,14,0,200000,MOCK_NYPD_V1
MOCK-000910,61,BROOKLYN,FELONY,GRAND LARCENY,2026-04-26T20:24:11,20,1,200000,MOCK_NYPD_V1
MOCK-000911,61,BROOKLYN,FELONY,FELONY ASSAULT,2026-04-29T02:39:32,2,1,200000,MOCK_NYPD_V1
MOCK-000912,61,BROOKLYN,FELONY,GRAND LARCENY,2026-04-29T03:38:26,3,1,200000,MOCK_NYPD_V1
MOCK-000913,61,BROOKLYN,MISDEMEANOR,HARRASSMENT 2,2026-04-30T16:57:46,16,0,200000,MOCK_NYPD_V1
MOCK-000914,61,BROOKLYN,MISDEMEANOR,CRIMINAL MISCHIEF,2026-05-01T11:19:18,11,0,200000,MOCK_NYPD_V1
MOCK-000915,61,BROOKLYN,MISDEMEANOR,MISDEMEANOR ASSAULT,2026-05-03T13:49:42,13,0,200000,MOCK_NYPD_V1
MOCK-000916,61,BROOKLYN,FELONY,GRAND LARCENY,2026-05-04T01:29:34,1,1,200000,MOCK_NYPD_V1
MOCK-000917,61,BROOKLYN,MISDEMEANOR,CRIMINAL MISCHIEF,2026-05-04T16:46:11,16,0,200000,MOCK_NYPD_V1
MOCK-000918,61,BROOKLYN,FELONY,ROBBERY,2026-05-04T23:48:39,23,1,200000,MOCK_NYPD_V1
MOCK-000919,61,BROOKLYN,MISDEMEANOR,PETIT LARCENY,2026-05-05T12:04:45,12,0,200000,MOCK_NYPD_V1
MOCK-000920,61,BROOKLYN,MISDEMEANOR,HARRASSMENT 2,2026-05-05T16:16:55,16,0,200000,MOCK_NYPD_V1
MOCK-000921,61,BROOKLYN,FELONY,BURGLARY,2026-05-06T06:13:25,6,0,200000,MOCK_NYPD_V1
MOCK-000922,61,BROOKLYN,FELONY,ROBBERY,2026-05-07T08:32:59,8,0,200000,MOCK_NYPD_V1
MOCK-000923,61,BROOKLYN,MISDEMEANOR,MISDEMEANOR ASSAULT,2026-05-08T00:35:53,0,1,200000,MOCK_NYPD_V1
MOCK-000924,61,BROOKLYN,FELONY,FELONY ASSAULT,2026-05-08T20:24:24,20,1,200000,MOCK_NYPD_V1
MOCK-000925,61,BROOKLYN,FELONY,FELONY ASSAULT,2026-05-09T20:25:19,20,1,200000,MOCK_NYPD_V1
MOCK-000926,61,BROOKLYN,FELONY,ROBBERY,2026-05-11T03:00:11,3,1,200000,MOCK_NYPD_V1
MOCK-000927,61,BROOKLYN,MISDEMEANOR,PETIT LARCENY,2026-05-11T08:40:21,8,0,200000,MOCK_NYPD_V1
MOCK-000928,61,BROOKLYN,FELONY,FELONY ASSAULT,2026-05-14T05:45:15,5,1,200000,MOCK_NYPD_V1
MOCK-000929,61,BROOKLYN,MISDEMEANOR,MISDEMEANOR ASSAULT,2026-05-14T12:35:03,12,0,200000,MOCK_NYPD_V1
MOCK-000930,61,BROOKLYN,MISDEMEANOR,PETIT LARCENY,2026-05-15T22:20:43,22,1,200000,MOCK_NYPD_V1
MOCK-000931,61,BROOKLYN,FELONY,GRAND LARCENY,2026-05-16T00:23:45,0,1,200000,MOCK_NYPD_V1
MOCK-000932,61,BROOKLYN,MISDEMEANOR,MISDEMEANOR ASSAULT,2026-05-20T02:30:49,2,1,200000,MOCK_NYPD_V1
MOCK-000933,61,BROOKLYN,FELONY,FELONY ASSAULT,2026-05-20T15:04:44,15,0,200000,MOCK_NYPD_V1
MOCK-000934,61,BROOKLYN,MISDEMEANOR,MISDEMEANOR ASSAULT,2026-05-20T18:05:40,18,0,200000,MOCK_NYPD_V1
MOCK-000935,61,BROOKLYN,MISDEMEANOR,CRIMINAL MISCHIEF,2026-05-21T06:13:35,6,0,200000,MOCK_NYPD_V1
MOCK-000936,61,BROOKLYN,FELONY,BURGLARY,2026-05-22T09:34:53,9,0,200000,MOCK_NYPD_V1
MOCK-000937,61,BROOKLYN,FELONY,FELONY ASSAULT,2026-05-22T20:57:42,20,1,200000,MOCK_NYPD_V1
MOCK-000938,61,BROOKLYN,MISDEMEANOR,PETIT LARCENY,2026-05-22T21:04:30,21,1,200000,MOCK_NYPD_V1
MOCK-000939,61,BROOKLYN,MISDEMEANOR,PETIT LARCENY,2026-05-23T23:35:24,23,1,200000,MOCK_NYPD_V1
MOCK-000940,61,BROOKLYN,FELONY,BURGLARY,2026-05-24T16:32:53,16,0,200000,MOCK_NYPD_V1
MOCK-000941,61,BROOKLYN,FELONY,BURGLARY,2026-05-24T17:14:15,17,0,200000,MOCK_NYPD_V1
MOCK-000942,61,BROOKLYN,MISDEMEANOR,PETIT LARCENY,2026-05-25T13:32:45,13,0,200000,MOCK_NYPD_V1
MOCK-000943,61,BROOKLYN,MISDEMEANOR,MISDEMEANOR ASSAULT,2026-05-25T16:38:49,16,0,200000,MOCK_NYPD_V1
MOCK-000944,61,BROOKLYN,MISDEMEANOR,PETIT LARCENY,2026-05-25T19:45:00,19,0,200000,MOCK_NYPD_V1
MOCK-000945,61,BROOKLYN,MISDEMEANOR,PETIT LARCENY,2026-05-27T06:39:17,6,0,200000,MOCK_NYPD_V1
MOCK-000946,61,BROOKLYN,FELONY,ROBBERY,2026-05-28T02:36:56,2,1,200000,MOCK_NYPD_V1
MOCK-000947,61,BROOKLYN,MISDEMEANOR,PETIT LARCENY,2026-05-28T17:15:23,17,0,200000,MOCK_NYPD_V1
MOCK-000948,61,BROOKLYN,MISDEMEANOR,PETIT LARCENY,2026-05-29T21:56:14,21,1,200000,MOCK_NYPD_V1
MOCK-000949,61,BROOKLYN,MISDEMEANOR,CRIMINAL MISCHIEF,2026-05-29T22:08:15,22,1,200000,MOCK_NYPD_V1
MOCK-000950,61,BROOKLYN,MISDEMEANOR,HARRASSMENT 2,2026-05-30T11:46:37,11,0,200000,MOCK_NYPD_V1
MOCK-000951,61,BROOKLYN,MISDEMEANOR,CRIMINAL MISCHIEF,2026-05-30T19:36:25,19,0,200000,MOCK_NYPD_V1
MOCK-000952,61,BROOKLYN,FELONY,GRAND LARCENY,2026-06-01T04:53:48,4,1,200000,MOCK_NYPD_V1
MOCK-000953,61,BROOKLYN,FELONY,FELONY ASSAULT,2026-06-02T06:57:29,6,0,200000,MOCK_NYPD_V1
MOCK-000954,61,BROOKLYN,FELONY,ROBBERY,2026-06-02T23:03:36,23,1,200000,MOCK_NYPD_V1
MOCK-000955,61,BROOKLYN,FELONY,FELONY ASSAULT,2026-06-03T06:28:04,6,0,200000,MOCK_NYPD_V1
MOCK-000956,61,BROOKLYN,MISDEMEANOR,MISDEMEANOR ASSAULT,2026-06-04T09:34:30,9,0,200000,MOCK_NYPD_V1
MOCK-000957,61,BROOKLYN,FELONY,FELONY ASSAULT,2026-06-04T11:31:06,11,0,200000,MOCK_NYPD_V1
MOCK-000958,61,BROOKLYN,FELONY,GRAND LARCENY,2026-06-04T17:10:29,17,0,200000,MOCK_NYPD_V1
MOCK-000959,61,BROOKLYN,MISDEMEANOR,MISDEMEANOR ASSAULT,2026-06-04T21:59:45,21,1,200000,MOCK_NYPD_V1
MOCK-000960,61,BROOKLYN,FELONY,GRAND LARCENY,2026-06-05T04:05:29,4,1,200000,MOCK_NYPD_V1
MOCK-000961,61,BROOKLYN,FELONY,FELONY ASSAULT,2026-06-05T06:53:30,6,0,200000,MOCK_NYPD_V1
MOCK-000962,61,BROOKLYN,MISDEMEANOR,HARRASSMENT 2,2026-06-05T21:06:16,21,1,200000,MOCK_NYPD_V1
MOCK-000963,61,BROOKLYN,FELONY,GRAND LARCENY,2026-06-06T05:42:28,5,1,200000,MOCK_NYPD_V1
MOCK-000964,61,BROOKLYN,FELONY,ROBBERY,2026-06-07T05:43:51,5,1,200000,MOCK_NYPD_V1
MOCK-000965,61,BROOKLYN,MISDEMEANOR,PETIT LARCENY,2026-06-07T22:10:39,22,1,200000,MOCK_NYPD_V1
MOCK-000966,61,BROOKLYN,FELONY,ROBBERY,2026-06-08T22:09:38,22,1,200000,MOCK_NYPD_V1
MOCK-000967,61,BROOKLYN,FELONY,ROBBERY,2026-06-11T18:25:10,18,0,200000,MOCK_NYPD_V1
MOCK-000968,61,BROOKLYN,MISDEMEANOR,HARRASSMENT 2,2026-06-12T22:17:56,22,1,200000,MOCK_NYPD_V1
MOCK-000969,61,BROOKLYN,MISDEMEANOR,CRIMINAL MISCHIEF,2026-06-13T08:27:57,8,0,200000,MOCK_NYPD_V1
MOCK-000970,61,BROOKLYN,MISDEMEANOR,PETIT LARCENY,2026-06-13T08:36:05,8,0,200000,MOCK_NYPD_V1
MOCK-000971,61,BROOKLYN,MISDEMEANOR,CRIMINAL MISCHIEF,2026-06-14T13:18:54,13,0,200000,MOCK_NYPD_V1
MOCK-000972,61,BROOKLYN,MISDEMEANOR,MISDEMEANOR ASSAULT,2026-06-14T20:27:54,20,1,200000,MOCK_NYPD_V1
MOCK-000973,61,BROOKLYN,FELONY,GRAND LARCENY,2026-06-15T06:45:37,6,0,200000,MOCK_NYPD_V1
MOCK-000974,61,BROOKLYN,MISDEMEANOR,MISDEMEANOR ASSAULT,2026-06-15T09:28:48,9,0,200000,MOCK_NYPD_V1
MOCK-000975,61,BROOKLYN,MISDEMEANOR,MISDEMEANOR ASSAULT,2026-06-17T15:44:05,15,0,200000,MOCK_NYPD_V1
MOCK-000976,61,BROOKLYN,FELONY,ROBBERY,2026-06-18T21:03:20,21,1,200000,MOCK_NYPD_V1
MOCK-000977,61,BROOKLYN,FELONY,FELONY ASSAULT,2026-06-19T20:14:21,20,1,200000,MOCK_NYPD_V1
MOCK-000978,61,BROOKLYN,MISDEMEANOR,MISDEMEANOR ASSAULT,2026-06-21T06:19:34,6,0,200000,MOCK_NYPD_V1
MOCK-000979,61,BROOKLYN,MISDEMEANOR,PETIT LARCENY,2026-06-23T11:45:00,11,0,200000,MOCK_NYPD_V1
MOCK-000980,61,BROOKLYN,MISDEMEANOR,PETIT LARCENY,2026-06-23T16:08:55,16,0,200000,MOCK_NYPD_V1
MOCK-000981,61,BROOKLYN,MISDEMEANOR,PETIT LARCENY,2026-06-24T14:42:28,14,0,200000,MOCK_NYPD_V1
MOCK-000982,61,BROOKLYN,FELONY,ROBBERY,2026-06-24T19:32:46,19,0,200000,MOCK_NYPD_V1
MOCK-000983,61,BROOKLYN,MISDEMEANOR,MISDEMEANOR ASSAULT,2026-06-25T08:42:53,8,0,200000,MOCK_NYPD_V1
MOCK-000984,61,BROOKLYN,MISDEMEANOR,HARRASSMENT 2,2026-06-26T00:21:32,0,1,200000,MOCK_NYPD_V1
MOCK-000985,61,BROOKLYN,MISDEMEANOR,HARRASSMENT 2,2026-06-26T16:18:09,16,0,200000,MOCK_NYPD_V1
MOCK-000986,61,BROOKLYN,MISDEMEANOR,PETIT LARCENY,2026-06-26T18:42:48,18,0,200000,MOCK_NYPD_V1
MOCK-000987,61,BROOKLYN,MISDEMEANOR,MISDEMEANOR ASSAULT,2026-06-27T05:21:03,5,1,200000,MOCK_NYPD_V1
MOCK-000988,61,BROOKLYN,MISDEMEANOR,MISDEMEANOR ASSAULT,2026-06-27T11:52:41,11,0,200000,MOCK_NYPD_V1
MOCK-000989,61,BROOKLYN,FELONY,FELONY ASSAULT,2026-06-28T06:27:03,6,0,200000,MOCK_NYPD_V1
MOCK-000990,61,BROOKLYN,FELONY,GRAND LARCENY,2026-06-28T11:22:00,11,0,200000,MOCK_NYPD_V1
MOCK-000991,61,BROOKLYN,FELONY,FELONY ASSAULT,2026-06-29T05:35:32,5,1,200000,MOCK_NYPD_V1
MOCK-000992,61,BROOKLYN,FELONY,BURGLARY,2026-06-29T07:24:00,7,0,200000,MOCK_NYPD_V1
MOCK-000993,61,BROOKLYN,MISDEMEANOR,PETIT LARCENY,2026-06-29T14:28:16,14,0,200000,MOCK_NYPD_V1
MOCK-000994,75,BROOKLYN,FELONY,FELONY ASSAULT,2025-07-01T20:22:10,20,1,60000,MOCK_NYPD_V1
MOCK-000995,75,BROOKLYN,MISDEMEANOR,HARRASSMENT 2,2025-07-06T18:06:57,18,0,60000,MOCK_NYPD_V1
MOCK-000996,75,BROOKLYN,FELONY,BURGLARY,2025-07-07T18:42:06,18,0,60000,MOCK_NYPD_V1
MOCK-000997,75,BROOKLYN,MISDEMEANOR,CRIMINAL MISCHIEF,2025-07-08T20:26:49,20,1,60000,MOCK_NYPD_V1
MOCK-000998,75,BROOKLYN,MISDEMEANOR,PETIT LARCENY,2025-07-18T19:31:24,19,0,60000,MOCK_NYPD_V1
MOCK-000999,75,BROOKLYN,FELONY,BURGLARY,2025-07-21T21:41:12,21,1,60000,MOCK_NYPD_V1
MOCK-001000,75,BROOKLYN,FELONY,ROBBERY,2025-07-30T23:32:13,23,1,60000,MOCK_NYPD_V1
MOCK-001001,75,BROOKLYN,FELONY,ROBBERY,2025-08-02T15:58:54,15,0,60000,MOCK_NYPD_V1
MOCK-001002,75,BROOKLYN,MISDEMEANOR,HARRASSMENT 2,2025-08-06T18:49:43,18,0,60000,MOCK_NYPD_V1
MOCK-001003,75,BROOKLYN,FELONY,BURGLARY,2025-08-09T03:24:23,3,1,60000,MOCK_NYPD_V1
MOCK-001004,75,BROOKLYN,MISDEMEANOR,HARRASSMENT 2,2025-08-12T01:20:05,1,1,60000,MOCK_NYPD_V1
MOCK-001005,75,BROOKLYN,MISDEMEANOR,MISDEMEANOR ASSAULT,2025-08-24T05:50:39,5,1,60000,MOCK_NYPD_V1
MOCK-001006,75,BROOKLYN,MISDEMEANOR,CRIMINAL MISCHIEF,2025-08-29T12:39:03,12,0,60000,MOCK_NYPD_V1
MOCK-001007,75,BROOKLYN,FELONY,ROBBERY,2025-09-05T11:44:03,11,0,60000,MOCK_NYPD_V1
MOCK-001008,75,BROOKLYN,MISDEMEANOR,PETIT LARCENY,2025-09-07T08:28:56,8,0,60000,MOCK_NYPD_V1
MOCK-001009,75,BROOKLYN,MISDEMEANOR,CRIMINAL MISCHIEF,2025-09-09T14:44:13,14,0,60000,MOCK_NYPD_V1
MOCK-001010,75,BROOKLYN,FELONY,ROBBERY,2025-09-13T10:02:00,10,0,60000,MOCK_NYPD_V1
MOCK-001011,75,BROOKLYN,MISDEMEANOR,MISDEMEANOR ASSAULT,2025-09-13T18:06:31,18,0,60000,MOCK_NYPD_V1
MOCK-001012,75,BROOKLYN,FELONY,GRAND LARCENY,2025-09-14T20:26:28,20,1,60000,MOCK_NYPD_V1
MOCK-001013,75,BROOKLYN,MISDEMEANOR,CRIMINAL MISCHIEF,2025-09-16T00:25:26,0,1,60000,MOCK_NYPD_V1
MOCK-001014,75,BROOKLYN,MISDEMEANOR,PETIT LARCENY,2025-09-17T11:21:07,11,0,60000,MOCK_NYPD_V1
MOCK-001015,75,BROOKLYN,MISDEMEANOR,PETIT LARCENY,2025-09-25T18:35:30,18,0,60000,MOCK_NYPD_V1
MOCK-001016,75,BROOKLYN,MISDEMEANOR,MISDEMEANOR ASSAULT,2025-09-29T10:11:18,10,0,60000,MOCK_NYPD_V1
MOCK-001017,75,BROOKLYN,MISDEMEANOR,CRIMINAL MISCHIEF,2025-09-29T14:37:38,14,0,60000,MOCK_NYPD_V1
MOCK-001018,75,BROOKLYN,MISDEMEANOR,PETIT LARCENY,2025-10-02T06:14:25,6,0,60000,MOCK_NYPD_V1
MOCK-001019,75,BROOKLYN,MISDEMEANOR,PETIT LARCENY,2025-10-03T02:17:23,2,1,60000,MOCK_NYPD_V1
MOCK-001020,75,BROOKLYN,FELONY,GRAND LARCENY,2025-10-11T13:11:11,13,0,60000,MOCK_NYPD_V1
MOCK-001021,75,BROOKLYN,FELONY,GRAND LARCENY,2025-10-13T11:38:28,11,0,60000,MOCK_NYPD_V1
MOCK-001022,75,BROOKLYN,MISDEMEANOR,HARRASSMENT 2,2025-10-17T22:35:45,22,1,60000,MOCK_NYPD_V1
MOCK-001023,75,BROOKLYN,FELONY,FELONY ASSAULT,2025-10-24T03:19:54,3,1,60000,MOCK_NYPD_V1
MOCK-001024,75,BROOKLYN,FELONY,FELONY ASSAULT,2025-10-27T07:12:08,7,0,60000,MOCK_NYPD_V1
MOCK-001025,75,BROOKLYN,FELONY,BURGLARY,2025-10-30T05:22:20,5,1,60000,MOCK_NYPD_V1
MOCK-001026,75,BROOKLYN,FELONY,GRAND LARCENY,2025-10-31T22:52:26,22,1,60000,MOCK_NYPD_V1
MOCK-001027,75,BROOKLYN,MISDEMEANOR,CRIMINAL MISCHIEF,2025-11-04T05:23:17,5,1,60000,MOCK_NYPD_V1
MOCK-001028,75,BROOKLYN,MISDEMEANOR,HARRASSMENT 2,2025-11-09T07:25:11,7,0,60000,MOCK_NYPD_V1
MOCK-001029,75,BROOKLYN,FELONY,FELONY ASSAULT,2025-11-15T14:10:11,14,0,60000,MOCK_NYPD_V1
MOCK-001030,75,BROOKLYN,FELONY,GRAND LARCENY,2025-11-27T16:22:06,16,0,60000,MOCK_NYPD_V1
MOCK-001031,75,BROOKLYN,MISDEMEANOR,CRIMINAL MISCHIEF,2025-11-28T00:33:44,0,1,60000,MOCK_NYPD_V1
MOCK-001032,75,BROOKLYN,MISDEMEANOR,MISDEMEANOR ASSAULT,2025-11-28T06:34:23,6,0,60000,MOCK_NYPD_V1
MOCK-001033,75,BROOKLYN,FELONY,FELONY ASSAULT,2025-12-04T19:23:18,19,0,60000,MOCK_NYPD_V1
MOCK-001034,75,BROOKLYN,MISDEMEANOR,PETIT LARCENY,2025-12-14T13:03:13,13,0,60000,MOCK_NYPD_V1
MOCK-001035,75,BROOKLYN,MISDEMEANOR,MISDEMEANOR ASSAULT,2025-12-21T04:29:25,4,1,60000,MOCK_NYPD_V1
MOCK-001036,75,BROOKLYN,FELONY,FELONY ASSAULT,2025-12-26T03:58:30,3,1,60000,MOCK_NYPD_V1
MOCK-001037,75,BROOKLYN,MISDEMEANOR,PETIT LARCENY,2025-12-28T13:45:21,13,0,60000,MOCK_NYPD_V1
MOCK-001038,75,BROOKLYN,FELONY,BURGLARY,2025-12-31T13:11:56,13,0,60000,MOCK_NYPD_V1
MOCK-001039,75,BROOKLYN,MISDEMEANOR,CRIMINAL MISCHIEF,2026-01-06T18:34:20,18,0,60000,MOCK_NYPD_V1
MOCK-001040,75,BROOKLYN,MISDEMEANOR,PETIT LARCENY,2026-01-09T08:28:30,8,0,60000,MOCK_NYPD_V1
MOCK-001041,75,BROOKLYN,FELONY,BURGLARY,2026-01-09T21:27:49,21,1,60000,MOCK_NYPD_V1
MOCK-001042,75,BROOKLYN,MISDEMEANOR,HARRASSMENT 2,2026-01-12T13:21:04,13,0,60000,MOCK_NYPD_V1
MOCK-001043,75,BROOKLYN,FELONY,BURGLARY,2026-01-23T06:53:57,6,0,60000,MOCK_NYPD_V1
MOCK-001044,75,BROOKLYN,MISDEMEANOR,HARRASSMENT 2,2026-01-27T14:09:48,14,0,60000,MOCK_NYPD_V1
MOCK-001045,75,BROOKLYN,FELONY,BURGLARY,2026-01-31T06:33:31,6,0,60000,MOCK_NYPD_V1
MOCK-001046,75,BROOKLYN,FELONY,BURGLARY,2026-02-03T20:25:25,20,1,60000,MOCK_NYPD_V1
MOCK-001047,75,BROOKLYN,FELONY,FELONY ASSAULT,2026-02-08T08:47:24,8,0,60000,MOCK_NYPD_V1
MOCK-001048,75,BROOKLYN,MISDEMEANOR,CRIMINAL MISCHIEF,2026-02-18T21:06:19,21,1,60000,MOCK_NYPD_V1
MOCK-001049,75,BROOKLYN,MISDEMEANOR,CRIMINAL MISCHIEF,2026-02-21T04:41:50,4,1,60000,MOCK_NYPD_V1
MOCK-001050,75,BROOKLYN,FELONY,BURGLARY,2026-03-06T09:32:24,9,0,60000,MOCK_NYPD_V1
MOCK-001051,75,BROOKLYN,MISDEMEANOR,MISDEMEANOR ASSAULT,2026-03-09T16:29:45,16,0,60000,MOCK_NYPD_V1
MOCK-001052,75,BROOKLYN,FELONY,FELONY ASSAULT,2026-03-10T23:53:32,23,1,60000,MOCK_NYPD_V1
MOCK-001053,75,BROOKLYN,FELONY,FELONY ASSAULT,2026-03-14T23:32:47,23,1,60000,MOCK_NYPD_V1
MOCK-001054,75,BROOKLYN,FELONY,FELONY ASSAULT,2026-03-23T20:22:49,20,1,60000,MOCK_NYPD_V1
MOCK-001055,75,BROOKLYN,FELONY,ROBBERY,2026-03-28T04:44:09,4,1,60000,MOCK_NYPD_V1
MOCK-001056,75,BROOKLYN,FELONY,FELONY ASSAULT,2026-03-29T12:33:32,12,0,60000,MOCK_NYPD_V1
MOCK-001057,75,BROOKLYN,MISDEMEANOR,MISDEMEANOR ASSAULT,2026-03-31T07:55:32,7,0,60000,MOCK_NYPD_V1
MOCK-001058,75,BROOKLYN,FELONY,GRAND LARCENY,2026-03-31T17:18:26,17,0,60000,MOCK_NYPD_V1
MOCK-001059,75,BROOKLYN,FELONY,GRAND LARCENY,2026-04-03T23:21:58,23,1,60000,MOCK_NYPD_V1
MOCK-001060,75,BROOKLYN,FELONY,FELONY ASSAULT,2026-04-05T16:06:41,16,0,60000,MOCK_NYPD_V1
MOCK-001061,75,BROOKLYN,MISDEMEANOR,HARRASSMENT 2,2026-04-06T09:55:41,9,0,60000,MOCK_NYPD_V1
MOCK-001062,75,BROOKLYN,MISDEMEANOR,HARRASSMENT 2,2026-04-09T07:54:21,7,0,60000,MOCK_NYPD_V1
MOCK-001063,75,BROOKLYN,FELONY,FELONY ASSAULT,2026-04-14T21:24:15,21,1,60000,MOCK_NYPD_V1
MOCK-001064,75,BROOKLYN,MISDEMEANOR,MISDEMEANOR ASSAULT,2026-04-25T07:34:48,7,0,60000,MOCK_NYPD_V1
MOCK-001065,75,BROOKLYN,FELONY,BURGLARY,2026-04-28T11:50:10,11,0,60000,MOCK_NYPD_V1
MOCK-001066,75,BROOKLYN,MISDEMEANOR,CRIMINAL MISCHIEF,2026-05-08T04:44:22,4,1,60000,MOCK_NYPD_V1
MOCK-001067,75,BROOKLYN,MISDEMEANOR,CRIMINAL MISCHIEF,2026-05-19T16:42:32,16,0,60000,MOCK_NYPD_V1
MOCK-001068,75,BROOKLYN,MISDEMEANOR,MISDEMEANOR ASSAULT,2026-05-25T12:38:50,12,0,60000,MOCK_NYPD_V1
MOCK-001069,75,BROOKLYN,MISDEMEANOR,PETIT LARCENY,2026-06-01T14:48:42,14,0,60000,MOCK_NYPD_V1
MOCK-001070,75,BROOKLYN,MISDEMEANOR,HARRASSMENT 2,2026-06-01T15:46:06,15,0,60000,MOCK_NYPD_V1
MOCK-001071,75,BROOKLYN,MISDEMEANOR,PETIT LARCENY,2026-06-03T05:03:52,5,1,60000,MOCK_NYPD_V1
MOCK-001072,75,BROOKLYN,MISDEMEANOR,CRIMINAL MISCHIEF,2026-06-08T03:51:37,3,1,60000,MOCK_NYPD_V1
MOCK-001073,75,BROOKLYN,FELONY,ROBBERY,2026-06-12T21:14:46,21,1,60000,MOCK_NYPD_V1
MOCK-001074,75,BROOKLYN,FELONY,ROBBERY,2026-06-14T21:21:27,21,1,60000,MOCK_NYPD_V1
MOCK-001075,75,BROOKLYN,FELONY,ROBBERY,2026-06-15T05:05:21,5,1,60000,MOCK_NYPD_V1
MOCK-001076,75,BROOKLYN,MISDEMEANOR,PETIT LARCENY,2026-06-17T09:50:18,9,0,60000,MOCK_NYPD_V1
MOCK-001077,75,BROOKLYN,MISDEMEANOR,HARRASSMENT 2,2026-06-21T20:13:29,20,1,60000,MOCK_NYPD_V1
MOCK-001078,75,BROOKLYN,MISDEMEANOR,CRIMINAL MISCHIEF,2026-06-23T06:25:36,6,0,60000,MOCK_NYPD_V1
MOCK-001079,75,BROOKLYN,MISDEMEANOR,HARRASSMENT 2,2026-06-23T22:40:06,22,1,60000,MOCK_NYPD_V1
MOCK-001080,84,BROOKLYN,FELONY,FELONY ASSAULT,2025-08-22T06:41:37,6,0,95000,MOCK_NYPD_V1
MOCK-001081,84,BROOKLYN,FELONY,ROBBERY,2025-09-30T17:54:44,17,0,95000,MOCK_NYPD_V1
MOCK-001082,84,BROOKLYN,MISDEMEANOR,MISDEMEANOR ASSAULT,2025-11-16T13:13:26,13,0,95000,MOCK_NYPD_V1
MOCK-001083,84,BROOKLYN,FELONY,FELONY ASSAULT,2026-01-21T19:39:56,19,0,95000,MOCK_NYPD_V1
MOCK-001084,84,BROOKLYN,FELONY,BURGLARY,2026-02-09T09:28:41,9,0,95000,MOCK_NYPD_V1
MOCK-001085,84,BROOKLYN,MISDEMEANOR,PETIT LARCENY,2026-03-27T02:08:19,2,1,95000,MOCK_NYPD_V1
MOCK-001086,90,BROOKLYN,FELONY,ROBBERY,2025-07-01T13:03:15,13,0,100000,MOCK_NYPD_V1
MOCK-001087,90,BROOKLYN,MISDEMEANOR,MISDEMEANOR ASSAULT,2025-07-04T15:11:55,15,0,100000,MOCK_NYPD_V1
MOCK-001088,90,BROOKLYN,FELONY,BURGLARY,2025-07-05T16:50:16,16,0,100000,MOCK_NYPD_V1
MOCK-001089,90,BROOKLYN,MISDEMEANOR,PETIT LARCENY,2025-07-08T01:23:29,1,1,100000,MOCK_NYPD_V1
MOCK-001090,90,BROOKLYN,FELONY,ROBBERY,2025-07-10T05:24:57,5,1,100000,MOCK_NYPD_V1
MOCK-001091,90,BROOKLYN,MISDEMEANOR,CRIMINAL MISCHIEF,2025-07-16T18:36:11,18,0,100000,MOCK_NYPD_V1
MOCK-001092,90,BROOKLYN,MISDEMEANOR,HARRASSMENT 2,2025-07-19T13:21:48,13,0,100000,MOCK_NYPD_V1
MOCK-001093,90,BROOKLYN,FELONY,GRAND LARCENY,2025-07-19T19:45:20,19,0,100000,MOCK_NYPD_V1
MOCK-001094,90,BROOKLYN,FELONY,ROBBERY,2025-07-22T18:44:10,18,0,100000,MOCK_NYPD_V1
MOCK-001095,90,BROOKLYN,MISDEMEANOR,CRIMINAL MISCHIEF,2025-07-25T06:31:54,6,0,100000,MOCK_NYPD_V1
MOCK-001096,90,BROOKLYN,FELONY,BURGLARY,2025-07-31T01:03:54,1,1,100000,MOCK_NYPD_V1
MOCK-001097,90,BROOKLYN,MISDEMEANOR,CRIMINAL MISCHIEF,2025-08-04T10:48:20,10,0,100000,MOCK_NYPD_V1
MOCK-001098,90,BROOKLYN,FELONY,GRAND LARCENY,2025-08-18T08:13:49,8,0,100000,MOCK_NYPD_V1
MOCK-001099,90,BROOKLYN,FELONY,GRAND LARCENY,2025-08-18T13:26:24,13,0,100000,MOCK_NYPD_V1
MOCK-001100,90,BROOKLYN,MISDEMEANOR,CRIMINAL MISCHIEF,2025-08-19T21:48:04,21,1,100000,MOCK_NYPD_V1
MOCK-001101,90,BROOKLYN,MISDEMEANOR,PETIT LARCENY,2025-08-20T06:20:30,6,0,100000,MOCK_NYPD_V1
MOCK-001102,90,BROOKLYN,MISDEMEANOR,PETIT LARCENY,2025-08-31T14:16:14,14,0,100000,MOCK_NYPD_V1
MOCK-001103,90,BROOKLYN,MISDEMEANOR,MISDEMEANOR ASSAULT,2025-09-08T03:41:47,3,1,100000,MOCK_NYPD_V1
MOCK-001104,90,BROOKLYN,MISDEMEANOR,HARRASSMENT 2,2025-09-08T23:45:54,23,1,100000,MOCK_NYPD_V1
MOCK-001105,90,BROOKLYN,FELONY,FELONY ASSAULT,2025-09-09T08:34:41,8,0,100000,MOCK_NYPD_V1
MOCK-001106,90,BROOKLYN,FELONY,GRAND LARCENY,2025-09-14T15:38:51,15,0,100000,MOCK_NYPD_V1
MOCK-001107,90,BROOKLYN,FELONY,GRAND LARCENY,2025-09-15T02:15:03,2,1,100000,MOCK_NYPD_V1
MOCK-001108,90,BROOKLYN,FELONY,ROBBERY,2025-09-16T02:57:18,2,1,100000,MOCK_NYPD_V1
MOCK-001109,90,BROOKLYN,FELONY,BURGLARY,2025-09-19T21:30:38,21,1,100000,MOCK_NYPD_V1
MOCK-001110,90,BROOKLYN,MISDEMEANOR,PETIT LARCENY,2025-09-20T15:03:05,15,0,100000,MOCK_NYPD_V1
MOCK-001111,90,BROOKLYN,FELONY,FELONY ASSAULT,2025-09-22T07:06:30,7,0,100000,MOCK_NYPD_V1
MOCK-001112,90,BROOKLYN,MISDEMEANOR,HARRASSMENT 2,2025-10-03T21:47:19,21,1,100000,MOCK_NYPD_V1
MOCK-001113,90,BROOKLYN,FELONY,FELONY ASSAULT,2025-10-07T19:44:39,19,0,100000,MOCK_NYPD_V1
MOCK-001114,90,BROOKLYN,MISDEMEANOR,PETIT LARCENY,2025-10-13T00:57:47,0,1,100000,MOCK_NYPD_V1
MOCK-001115,90,BROOKLYN,MISDEMEANOR,MISDEMEANOR ASSAULT,2025-10-13T06:01:53,6,0,100000,MOCK_NYPD_V1
MOCK-001116,90,BROOKLYN,FELONY,GRAND LARCENY,2025-10-18T10:09:12,10,0,100000,MOCK_NYPD_V1
MOCK-001117,90,BROOKLYN,MISDEMEANOR,PETIT LARCENY,2025-10-21T17:33:49,17,0,100000,MOCK_NYPD_V1
MOCK-001118,90,BROOKLYN,MISDEMEANOR,MISDEMEANOR ASSAULT,2025-10-24T14:01:46,14,0,100000,MOCK_NYPD_V1
MOCK-001119,90,BROOKLYN,FELONY,FELONY ASSAULT,2025-10-24T21:22:40,21,1,100000,MOCK_NYPD_V1
MOCK-001120,90,BROOKLYN,MISDEMEANOR,CRIMINAL MISCHIEF,2025-10-24T23:34:28,23,1,100000,MOCK_NYPD_V1
MOCK-001121,90,BROOKLYN,FELONY,GRAND LARCENY,2025-10-31T20:26:44,20,1,100000,MOCK_NYPD_V1
MOCK-001122,90,BROOKLYN,MISDEMEANOR,CRIMINAL MISCHIEF,2025-11-04T06:16:20,6,0,100000,MOCK_NYPD_V1
MOCK-001123,90,BROOKLYN,FELONY,BURGLARY,2025-11-04T17:55:13,17,0,100000,MOCK_NYPD_V1
MOCK-001124,90,BROOKLYN,FELONY,BURGLARY,2025-11-06T07:22:51,7,0,100000,MOCK_NYPD_V1
MOCK-001125,90,BROOKLYN,FELONY,GRAND LARCENY,2025-11-08T04:09:44,4,1,100000,MOCK_NYPD_V1
MOCK-001126,90,BROOKLYN,FELONY,GRAND LARCENY,2025-11-17T22:19:17,22,1,100000,MOCK_NYPD_V1
MOCK-001127,90,BROOKLYN,MISDEMEANOR,CRIMINAL MISCHIEF,2025-11-23T06:53:33,6,0,100000,MOCK_NYPD_V1
MOCK-001128,90,BROOKLYN,MISDEMEANOR,MISDEMEANOR ASSAULT,2025-11-23T12:36:37,12,0,100000,MOCK_NYPD_V1
MOCK-001129,90,BROOKLYN,FELONY,FELONY ASSAULT,2025-11-25T04:17:11,4,1,100000,MOCK_NYPD_V1
MOCK-001130,90,BROOKLYN,MISDEMEANOR,CRIMINAL MISCHIEF,2025-11-26T08:09:58,8,0,100000,MOCK_NYPD_V1
MOCK-001131,90,BROOKLYN,MISDEMEANOR,CRIMINAL MISCHIEF,2025-11-28T10:45:11,10,0,100000,MOCK_NYPD_V1
MOCK-001132,90,BROOKLYN,MISDEMEANOR,CRIMINAL MISCHIEF,2025-11-29T16:48:26,16,0,100000,MOCK_NYPD_V1
MOCK-001133,90,BROOKLYN,MISDEMEANOR,CRIMINAL MISCHIEF,2025-12-04T13:21:25,13,0,100000,MOCK_NYPD_V1
MOCK-001134,90,BROOKLYN,FELONY,GRAND LARCENY,2025-12-04T22:59:48,22,1,100000,MOCK_NYPD_V1
MOCK-001135,90,BROOKLYN,FELONY,ROBBERY,2025-12-08T05:20:54,5,1,100000,MOCK_NYPD_V1
MOCK-001136,90,BROOKLYN,FELONY,BURGLARY,2025-12-08T17:59:48,17,0,100000,MOCK_NYPD_V1
MOCK-001137,90,BROOKLYN,MISDEMEANOR,MISDEMEANOR ASSAULT,2025-12-14T00:12:10,0,1,100000,MOCK_NYPD_V1
MOCK-001138,90,BROOKLYN,MISDEMEANOR,HARRASSMENT 2,2025-12-19T16:53:01,16,0,100000,MOCK_NYPD_V1
MOCK-001139,90,BROOKLYN,MISDEMEANOR,PETIT LARCENY,2025-12-19T21:19:46,21,1,100000,MOCK_NYPD_V1
MOCK-001140,90,BROOKLYN,MISDEMEANOR,CRIMINAL MISCHIEF,2025-12-21T03:34:42,3,1,100000,MOCK_NYPD_V1
MOCK-001141,90,BROOKLYN,MISDEMEANOR,MISDEMEANOR ASSAULT,2025-12-28T01:25:37,1,1,100000,MOCK_NYPD_V1
MOCK-001142,90,BROOKLYN,MISDEMEANOR,MISDEMEANOR ASSAULT,2026-01-05T04:16:24,4,1,100000,MOCK_NYPD_V1
MOCK-001143,90,BROOKLYN,FELONY,ROBBERY,2026-01-09T02:51:27,2,1,100000,MOCK_NYPD_V1
MOCK-001144,90,BROOKLYN,MISDEMEANOR,PETIT LARCENY,2026-01-09T15:35:20,15,0,100000,MOCK_NYPD_V1
MOCK-001145,90,BROOKLYN,MISDEMEANOR,MISDEMEANOR ASSAULT,2026-01-10T13:58:30,13,0,100000,MOCK_NYPD_V1
MOCK-001146,90,BROOKLYN,FELONY,ROBBERY,2026-01-20T18:13:12,18,0,100000,MOCK_NYPD_V1
MOCK-001147,90,BROOKLYN,MISDEMEANOR,CRIMINAL MISCHIEF,2026-01-25T19:28:40,19,0,100000,MOCK_NYPD_V1
MOCK-001148,90,BROOKLYN,FELONY,FELONY ASSAULT,2026-02-01T10:11:09,10,0,100000,MOCK_NYPD_V1
MOCK-001149,90,BROOKLYN,MISDEMEANOR,HARRASSMENT 2,2026-02-04T10:40:29,10,0,100000,MOCK_NYPD_V1
MOCK-001150,90,BROOKLYN,MISDEMEANOR,MISDEMEANOR ASSAULT,2026-02-09T12:41:20,12,0,100000,MOCK_NYPD_V1
MOCK-001151,90,BROOKLYN,FELONY,FELONY ASSAULT,2026-02-09T21:00:51,21,1,100000,MOCK_NYPD_V1
MOCK-001152,90,BROOKLYN,FELONY,GRAND LARCENY,2026-02-12T16:10:09,16,0,100000,MOCK_NYPD_V1
MOCK-001153,90,BROOKLYN,MISDEMEANOR,CRIMINAL MISCHIEF,2026-02-25T00:03:23,0,1,100000,MOCK_NYPD_V1
MOCK-001154,90,BROOKLYN,FELONY,BURGLARY,2026-03-02T03:24:30,3,1,100000,MOCK_NYPD_V1
MOCK-001155,90,BROOKLYN,FELONY,FELONY ASSAULT,2026-03-02T12:57:03,12,0,100000,MOCK_NYPD_V1
MOCK-001156,90,BROOKLYN,FELONY,GRAND LARCENY,2026-03-03T21:59:27,21,1,100000,MOCK_NYPD_V1
MOCK-001157,90,BROOKLYN,FELONY,FELONY ASSAULT,2026-03-13T17:25:12,17,0,100000,MOCK_NYPD_V1
MOCK-001158,90,BROOKLYN,MISDEMEANOR,CRIMINAL MISCHIEF,2026-03-15T15:43:37,15,0,100000,MOCK_NYPD_V1
MOCK-001159,90,BROOKLYN,MISDEMEANOR,CRIMINAL MISCHIEF,2026-03-20T23:22:35,23,1,100000,MOCK_NYPD_V1
MOCK-001160,90,BROOKLYN,FELONY,GRAND LARCENY,2026-03-22T16:20:11,16,0,100000,MOCK_NYPD_V1
MOCK-001161,90,BROOKLYN,FELONY,BURGLARY,2026-03-27T02:50:03,2,1,100000,MOCK_NYPD_V1
MOCK-001162,90,BROOKLYN,FELONY,ROBBERY,2026-04-13T04:42:27,4,1,100000,MOCK_NYPD_V1
MOCK-001163,90,BROOKLYN,MISDEMEANOR,CRIMINAL MISCHIEF,2026-04-20T22:05:51,22,1,100000,MOCK_NYPD_V1
MOCK-001164,90,BROOKLYN,FELONY,FELONY ASSAULT,2026-04-22T12:25:21,12,0,100000,MOCK_NYPD_V1
MOCK-001165,90,BROOKLYN,FELONY,ROBBERY,2026-04-23T21:51:18,21,1,100000,MOCK_NYPD_V1
MOCK-001166,90,BROOKLYN,MISDEMEANOR,HARRASSMENT 2,2026-05-02T14:09:25,14,0,100000,MOCK_NYPD_V1
MOCK-001167,90,BROOKLYN,MISDEMEANOR,HARRASSMENT 2,2026-05-03T22:37:45,22,1,100000,MOCK_NYPD_V1
MOCK-001168,90,BROOKLYN,MISDEMEANOR,PETIT LARCENY,2026-05-11T14:22:51,14,0,100000,MOCK_NYPD_V1
MOCK-001169,90,BROOKLYN,MISDEMEANOR,MISDEMEANOR ASSAULT,2026-05-12T06:35:58,6,0,100000,MOCK_NYPD_V1
MOCK-001170,90,BROOKLYN,MISDEMEANOR,MISDEMEANOR ASSAULT,2026-05-22T16:16:01,16,0,100000,MOCK_NYPD_V1
MOCK-001171,90,BROOKLYN,FELONY,ROBBERY,2026-05-26T18:40:37,18,0,100000,MOCK_NYPD_V1
MOCK-001172,90,BROOKLYN,FELONY,ROBBERY,2026-05-27T09:51:58,9,0,100000,MOCK_NYPD_V1
MOCK-001173,90,BROOKLYN,MISDEMEANOR,PETIT LARCENY,2026-05-28T22:11:48,22,1,100000,MOCK_NYPD_V1
MOCK-001174,90,BROOKLYN,FELONY,FELONY ASSAULT,2026-06-03T07:29:11,7,0,100000,MOCK_NYPD_V1
MOCK-001175,90,BROOKLYN,FELONY,BURGLARY,2026-06-04T04:57:35,4,1,100000,MOCK_NYPD_V1
MOCK-001176,90,BROOKLYN,MISDEMEANOR,PETIT LARCENY,2026-06-05T09:35:35,9,0,100000,MOCK_NYPD_V1
MOCK-001177,90,BROOKLYN,FELONY,BURGLARY,2026-06-05T21:54:06,21,1,100000,MOCK_NYPD_V1
MOCK-001178,90,BROOKLYN,FELONY,GRAND LARCENY,2026-06-07T10:04:54,10,0,100000,MOCK_NYPD_V1
MOCK-001179,90,BROOKLYN,MISDEMEANOR,PETIT LARCENY,2026-06-10T05:24:28,5,1,100000,MOCK_NYPD_V1
MOCK-001180,90,BROOKLYN,MISDEMEANOR,MISDEMEANOR ASSAULT,2026-06-13T09:54:09,9,0,100000,MOCK_NYPD_V1
MOCK-001181,90,BROOKLYN,FELONY,ROBBERY,2026-06-14T19:41:00,19,0,100000,MOCK_NYPD_V1
MOCK-001182,90,BROOKLYN,MISDEMEANOR,PETIT LARCENY,2026-06-15T02:33:20,2,1,100000,MOCK_NYPD_V1
MOCK-001183,90,BROOKLYN,FELONY,FELONY ASSAULT,2026-06-16T02:42:50,2,1,100000,MOCK_NYPD_V1
MOCK-001184,90,BROOKLYN,FELONY,FELONY ASSAULT,2026-06-18T04:05:08,4,1,100000,MOCK_NYPD_V1
MOCK-001185,90,BROOKLYN,FELONY,GRAND LARCENY,2026-06-22T13:50:42,13,0,100000,MOCK_NYPD_V1
MOCK-001186,90,BROOKLYN,MISDEMEANOR,MISDEMEANOR ASSAULT,2026-06-22T23:17:33,23,1,100000,MOCK_NYPD_V1
MOCK-001187,109,QUEENS,MISDEMEANOR,PETIT LARCENY,2025-07-01T16:05:20,16,0,50000,MOCK_NYPD_V1
MOCK-001188,109,QUEENS,FELONY,ROBBERY,2025-07-03T16:31:48,16,0,50000,MOCK_NYPD_V1
MOCK-001189,109,QUEENS,MISDEMEANOR,CRIMINAL MISCHIEF,2025-07-04T10:42:40,10,0,50000,MOCK_NYPD_V1
MOCK-001190,109,QUEENS,MISDEMEANOR,PETIT LARCENY,2025-07-04T21:05:41,21,1,50000,MOCK_NYPD_V1
MOCK-001191,109,QUEENS,MISDEMEANOR,PETIT LARCENY,2025-07-05T16:30:41,16,0,50000,MOCK_NYPD_V1
MOCK-001192,109,QUEENS,MISDEMEANOR,PETIT LARCENY,2025-07-11T07:37:34,7,0,50000,MOCK_NYPD_V1
MOCK-001193,109,QUEENS,MISDEMEANOR,MISDEMEANOR ASSAULT,2025-07-13T13:54:56,13,0,50000,MOCK_NYPD_V1
MOCK-001194,109,QUEENS,MISDEMEANOR,CRIMINAL MISCHIEF,2025-07-19T18:30:47,18,0,50000,MOCK_NYPD_V1
MOCK-001195,109,QUEENS,MISDEMEANOR,MISDEMEANOR ASSAULT,2025-07-26T20:09:26,20,1,50000,MOCK_NYPD_V1
MOCK-001196,109,QUEENS,FELONY,GRAND LARCENY,2025-07-31T14:14:01,14,0,50000,MOCK_NYPD_V1
MOCK-001197,109,QUEENS,MISDEMEANOR,HARRASSMENT 2,2025-08-04T04:00:34,4,1,50000,MOCK_NYPD_V1
MOCK-001198,109,QUEENS,MISDEMEANOR,CRIMINAL MISCHIEF,2025-08-07T01:21:59,1,1,50000,MOCK_NYPD_V1
MOCK-001199,109,QUEENS,MISDEMEANOR,MISDEMEANOR ASSAULT,2025-08-09T01:33:20,1,1,50000,MOCK_NYPD_V1
MOCK-001200,109,QUEENS,MISDEMEANOR,CRIMINAL MISCHIEF,2025-08-10T22:10:17,22,1,50000,MOCK_NYPD_V1
MOCK-001201,109,QUEENS,FELONY,ROBBERY,2025-08-12T21:52:06,21,1,50000,MOCK_NYPD_V1
MOCK-001202,109,QUEENS,FELONY,ROBBERY,2025-08-19T20:37:20,20,1,50000,MOCK_NYPD_V1
MOCK-001203,109,QUEENS,MISDEMEANOR,MISDEMEANOR ASSAULT,2025-08-22T01:47:45,1,1,50000,MOCK_NYPD_V1
MOCK-001204,109,QUEENS,FELONY,BURGLARY,2025-08-22T12:34:16,12,0,50000,MOCK_NYPD_V1
MOCK-001205,109,QUEENS,MISDEMEANOR,CRIMINAL MISCHIEF,2025-08-22T23:50:45,23,1,50000,MOCK_NYPD_V1
MOCK-001206,109,QUEENS,FELONY,ROBBERY,2025-08-24T09:56:30,9,0,50000,MOCK_NYPD_V1
MOCK-001207,109,QUEENS,FELONY,BURGLARY,2025-08-26T06:45:41,6,0,50000,MOCK_NYPD_V1
MOCK-001208,109,QUEENS,FELONY,ROBBERY,2025-08-31T18:25:52,18,0,50000,MOCK_NYPD_V1
MOCK-001209,109,QUEENS,MISDEMEANOR,HARRASSMENT 2,2025-09-06T02:25:31,2,1,50000,MOCK_NYPD_V1
MOCK-001210,109,QUEENS,MISDEMEANOR,HARRASSMENT 2,2025-09-13T06:44:55,6,0,50000,MOCK_NYPD_V1
MOCK-001211,109,QUEENS,FELONY,GRAND LARCENY,2025-09-13T23:37:46,23,1,50000,MOCK_NYPD_V1
MOCK-001212,109,QUEENS,FELONY,ROBBERY,2025-09-14T06:33:57,6,0,50000,MOCK_NYPD_V1
MOCK-001213,109,QUEENS,FELONY,GRAND LARCENY,2025-09-15T09:47:52,9,0,50000,MOCK_NYPD_V1
MOCK-001214,109,QUEENS,MISDEMEANOR,CRIMINAL MISCHIEF,2025-09-17T22:52:03,22,1,50000,MOCK_NYPD_V1
MOCK-001215,109,QUEENS,MISDEMEANOR,HARRASSMENT 2,2025-09-26T19:49:50,19,0,50000,MOCK_NYPD_V1
MOCK-001216,109,QUEENS,FELONY,GRAND LARCENY,2025-09-27T05:24:48,5,1,50000,MOCK_NYPD_V1
MOCK-001217,109,QUEENS,FELONY,BURGLARY,2025-09-29T15:03:19,15,0,50000,MOCK_NYPD_V1
MOCK-001218,109,QUEENS,MISDEMEANOR,HARRASSMENT 2,2025-10-03T02:14:11,2,1,50000,MOCK_NYPD_V1
MOCK-001219,109,QUEENS,FELONY,BURGLARY,2025-10-04T16:21:53,16,0,50000,MOCK_NYPD_V1
MOCK-001220,109,QUEENS,MISDEMEANOR,PETIT LARCENY,2025-10-07T15:39:53,15,0,50000,MOCK_NYPD_V1
MOCK-001221,109,QUEENS,FELONY,GRAND LARCENY,2025-10-09T11:18:22,11,0,50000,MOCK_NYPD_V1
MOCK-001222,109,QUEENS,MISDEMEANOR,PETIT LARCENY,2025-10-13T18:39:00,18,0,50000,MOCK_NYPD_V1
MOCK-001223,109,QUEENS,FELONY,GRAND LARCENY,2025-10-19T08:07:52,8,0,50000,MOCK_NYPD_V1
MOCK-001224,109,QUEENS,MISDEMEANOR,PETIT LARCENY,2025-11-16T17:23:02,17,0,50000,MOCK_NYPD_V1
MOCK-001225,109,QUEENS,MISDEMEANOR,PETIT LARCENY,2025-11-20T14:23:30,14,0,50000,MOCK_NYPD_V1
MOCK-001226,109,QUEENS,MISDEMEANOR,PETIT LARCENY,2025-11-27T19:02:53,19,0,50000,MOCK_NYPD_V1
MOCK-001227,109,QUEENS,MISDEMEANOR,PETIT LARCENY,2025-11-28T13:26:27,13,0,50000,MOCK_NYPD_V1
MOCK-001228,109,QUEENS,MISDEMEANOR,CRIMINAL MISCHIEF,2025-12-02T10:02:33,10,0,50000,MOCK_NYPD_V1
MOCK-001229,109,QUEENS,FELONY,ROBBERY,2025-12-09T02:45:29,2,1,50000,MOCK_NYPD_V1
MOCK-001230,109,QUEENS,MISDEMEANOR,PETIT LARCENY,2025-12-11T10:33:02,10,0,50000,MOCK_NYPD_V1
MOCK-001231,109,QUEENS,FELONY,ROBBERY,2025-12-16T15:02:53,15,0,50000,MOCK_NYPD_V1
MOCK-001232,109,QUEENS,FELONY,BURGLARY,2025-12-19T22:44:26,22,1,50000,MOCK_NYPD_V1
MOCK-001233,109,QUEENS,FELONY,GRAND LARCENY,2025-12-24T05:06:18,5,1,50000,MOCK_NYPD_V1
MOCK-001234,109,QUEENS,MISDEMEANOR,CRIMINAL MISCHIEF,2026-01-16T20:29:38,20,1,50000,MOCK_NYPD_V1
MOCK-001235,109,QUEENS,FELONY,FELONY ASSAULT,2026-01-18T18:43:01,18,0,50000,MOCK_NYPD_V1
MOCK-001236,109,QUEENS,FELONY,BURGLARY,2026-01-18T21:23:41,21,1,50000,MOCK_NYPD_V1
MOCK-001237,109,QUEENS,FELONY,BURGLARY,2026-01-25T04:33:55,4,1,50000,MOCK_NYPD_V1
MOCK-001238,109,QUEENS,FELONY,FELONY ASSAULT,2026-01-25T23:59:03,23,1,50000,MOCK_NYPD_V1
MOCK-001239,109,QUEENS,MISDEMEANOR,PETIT LARCENY,2026-01-30T17:37:52,17,0,50000,MOCK_NYPD_V1
MOCK-001240,109,QUEENS,MISDEMEANOR,MISDEMEANOR ASSAULT,2026-02-11T18:46:36,18,0,50000,MOCK_NYPD_V1
MOCK-001241,109,QUEENS,MISDEMEANOR,HARRASSMENT 2,2026-02-12T03:13:52,3,1,50000,MOCK_NYPD_V1
MOCK-001242,109,QUEENS,FELONY,FELONY ASSAULT,2026-02-21T15:27:20,15,0,50000,MOCK_NYPD_V1
MOCK-001243,109,QUEENS,FELONY,BURGLARY,2026-03-03T06:27:25,6,0,50000,MOCK_NYPD_V1
MOCK-001244,109,QUEENS,MISDEMEANOR,CRIMINAL MISCHIEF,2026-03-05T03:52:54,3,1,50000,MOCK_NYPD_V1
MOCK-001245,109,QUEENS,MISDEMEANOR,HARRASSMENT 2,2026-03-05T05:52:24,5,1,50000,MOCK_NYPD_V1
MOCK-001246,109,QUEENS,FELONY,ROBBERY,2026-03-06T01:56:28,1,1,50000,MOCK_NYPD_V1
MOCK-001247,109,QUEENS,MISDEMEANOR,HARRASSMENT 2,2026-03-09T16:19:25,16,0,50000,MOCK_NYPD_V1
MOCK-001248,109,QUEENS,MISDEMEANOR,PETIT LARCENY,2026-03-18T02:29:11,2,1,50000,MOCK_NYPD_V1
MOCK-001249,109,QUEENS,FELONY,FELONY ASSAULT,2026-03-21T19:27:10,19,0,50000,MOCK_NYPD_V1
MOCK-001250,109,QUEENS,MISDEMEANOR,PETIT LARCENY,2026-03-31T18:22:09,18,0,50000,MOCK_NYPD_V1
MOCK-001251,109,QUEENS,FELONY,FELONY ASSAULT,2026-04-01T12:21:18,12,0,50000,MOCK_NYPD_V1
MOCK-001252,109,QUEENS,FELONY,FELONY ASSAULT,2026-04-03T19:19:29,19,0,50000,MOCK_NYPD_V1
MOCK-001253,109,QUEENS,FELONY,FELONY ASSAULT,2026-04-09T08:51:35,8,0,50000,MOCK_NYPD_V1
MOCK-001254,109,QUEENS,FELONY,BURGLARY,2026-04-12T03:54:25,3,1,50000,MOCK_NYPD_V1
MOCK-001255,109,QUEENS,MISDEMEANOR,CRIMINAL MISCHIEF,2026-04-13T07:35:30,7,0,50000,MOCK_NYPD_V1
MOCK-001256,109,QUEENS,MISDEMEANOR,MISDEMEANOR ASSAULT,2026-04-15T11:30:11,11,0,50000,MOCK_NYPD_V1
MOCK-001257,109,QUEENS,MISDEMEANOR,PETIT LARCENY,2026-04-17T02:47:15,2,1,50000,MOCK_NYPD_V1
MOCK-001258,109,QUEENS,MISDEMEANOR,CRIMINAL MISCHIEF,2026-04-20T16:47:11,16,0,50000,MOCK_NYPD_V1
MOCK-001259,109,QUEENS,MISDEMEANOR,MISDEMEANOR ASSAULT,2026-04-25T08:47:54,8,0,50000,MOCK_NYPD_V1
MOCK-001260,109,QUEENS,FELONY,ROBBERY,2026-04-28T01:54:15,1,1,50000,MOCK_NYPD_V1
MOCK-001261,109,QUEENS,FELONY,GRAND LARCENY,2026-04-28T07:24:10,7,0,50000,MOCK_NYPD_V1
MOCK-001262,109,QUEENS,MISDEMEANOR,PETIT LARCENY,2026-05-01T17:31:38,17,0,50000,MOCK_NYPD_V1
MOCK-001263,109,QUEENS,FELONY,BURGLARY,2026-05-06T10:19:30,10,0,50000,MOCK_NYPD_V1
MOCK-001264,109,QUEENS,MISDEMEANOR,PETIT LARCENY,2026-05-07T09:33:09,9,0,50000,MOCK_NYPD_V1
MOCK-001265,109,QUEENS,MISDEMEANOR,HARRASSMENT 2,2026-05-09T13:27:06,13,0,50000,MOCK_NYPD_V1
MOCK-001266,109,QUEENS,FELONY,BURGLARY,2026-05-11T15:36:15,15,0,50000,MOCK_NYPD_V1
MOCK-001267,109,QUEENS,MISDEMEANOR,CRIMINAL MISCHIEF,2026-05-11T19:52:33,19,0,50000,MOCK_NYPD_V1
MOCK-001268,109,QUEENS,MISDEMEANOR,MISDEMEANOR ASSAULT,2026-05-14T03:17:59,3,1,50000,MOCK_NYPD_V1
MOCK-001269,109,QUEENS,MISDEMEANOR,PETIT LARCENY,2026-05-14T05:48:10,5,1,50000,MOCK_NYPD_V1
MOCK-001270,109,QUEENS,MISDEMEANOR,PETIT LARCENY,2026-05-21T08:19:27,8,0,50000,MOCK_NYPD_V1
MOCK-001271,109,QUEENS,MISDEMEANOR,CRIMINAL MISCHIEF,2026-05-22T23:26:54,23,1,50000,MOCK_NYPD_V1
MOCK-001272,109,QUEENS,MISDEMEANOR,MISDEMEANOR ASSAULT,2026-05-24T11:58:06,11,0,50000,MOCK_NYPD_V1
MOCK-001273,109,QUEENS,FELONY,ROBBERY,2026-05-26T02:53:08,2,1,50000,MOCK_NYPD_V1
MOCK-001274,109,QUEENS,FELONY,BURGLARY,2026-06-01T14:41:02,14,0,50000,MOCK_NYPD_V1
MOCK-001275,109,QUEENS,FELONY,BURGLARY,2026-06-09T05:31:04,5,1,50000,MOCK_NYPD_V1
MOCK-001276,109,QUEENS,FELONY,FELONY ASSAULT,2026-06-12T10:48:56,10,0,50000,MOCK_NYPD_V1
MOCK-001277,109,QUEENS,FELONY,ROBBERY,2026-06-13T11:48:42,11,0,50000,MOCK_NYPD_V1
MOCK-001278,109,QUEENS,FELONY,ROBBERY,2026-06-14T09:11:33,9,0,50000,MOCK_NYPD_V1
MOCK-001279,109,QUEENS,MISDEMEANOR,PETIT LARCENY,2026-06-19T02:17:31,2,1,50000,MOCK_NYPD_V1
MOCK-001280,109,QUEENS,FELONY,BURGLARY,2026-06-19T11:57:03,11,0,50000,MOCK_NYPD_V1
